"Spotify URI of the song","Name of the song","Artist(s) of the song",Danceability describes how suitable a track is for dancing based on a combination of musical elements,Energy is a measure from 0.0 to 1.0 and represents a perceptual measure of intensity and activity. ,"The key the track is in. Integers map to pitches using standard Pitch Class notation. E.g. 0 = C, 1 = C‰ªø/D‰ª_, 2 = D, and so ",The overall loudness of a track in decibels (dB). ,"Mode indicates the modality (major or minor) of a track, the type of scale from which its melodic content is derived. Major is represented by 1 and minor is 0.","Speechiness detects the presence of spoken words in a track. The more exclusively speech-like the recording, the closer to 1.0 the attribute value. Values above 0.66 describe tracks that are probably made entirely of spoken words. ",A confidence measure from 0.0 to 1.0 of whether the track is acoustic.,Predicts whether a track contains no vocals.,Detects the presence of an audience in the recording. ,A measure from 0.0 to 1.0 describing the musical positiveness conveyed by a track. ,The overall estimated tempo of a track in beats per minute (BPM).,The duration of the track in milliseconds,"An estimated overall time signature of a track. The time signature (meter) is a notational convention to specify how many beats are in each bar (or measure).",,,
id,name,artists,danceability,energy,key,loudness,mode,speechiness,acousticness,instrumentalness,liveness,valence,tempo,duration_ms,time_signature,Lyric 1,Lyric 2,Full Lyrics
6DCZcSspjsKoFjzjrWoCd,God's Plan,Drake,0.754,0.449,7,-9.211,1,0.109,0.0332,8.29E-05,0.552,0.357,77.169,198973,4,"I only love my bed and my momma, I'm sorry",don't start no trouble with me tryna keep it peaceful is a struggle for me,
3ee8Jmje8o58CHK66QrVC,SAD!,XXXTENTACION,0.74,0.613,8,-4.88,1,0.145,0.258,0.00372,0.123,0.473,75.023,166606,4,Who am I? Someone that's afraid to let go,"You decide, if you're ever gonna let me know",
0e7ipj03S05BNilyu5bRz,rockstar (feat. 21 Savage),Post Malone,0.587,0.535,5,-6.09,0,0.0898,0.117,6.56E-05,0.131,0.14,159.847,218147,4,"Man, I feel just like a rockstar",Your wifey say I'm lookin' like a whole snack,
3swc6WTsr7rl9DqQKQA55,Psycho (feat. Ty Dolla $ign),Post Malone,0.739,0.559,8,-8.011,1,0.117,0.58,0,0.112,0.439,140.124,221440,4,"This ain't happen overnight, no, these diamonds real bright","Don't act like you my friend when I'm rollin' through my ends, though",
2G7V7zsVDxg1yRsu7Ew9R,In My Feelings,Drake,0.835,0.626,1,-5.833,1,0.125,0.0589,6.00E-05,0.396,0.35,91.03,217925,4,Cause I've been goin' off and they don't know when it's stoppin,"Say you'll never ever leave from beside me 'cause I want you, and I need you and I'm down for you always",
7dt6x5M1jzdTEt8oCbisT,Better Now,Post Malone,0.68,0.563,10,-5.843,1,0.0454,0.354,0,0.136,0.374,145.028,231267,4,"Woulda gave you anything, woulda gave you everything","I swear to you, I'll be okay you're only the love of my life",
58q2HKrzhC3ozto2nDdN4,I Like It,Cardi B,0.816,0.726,5,-3.998,0,0.129,0.099,0,0.372,0.65,136.048,253390,4,I like texts from my exes when they want a second chance,Bad bitch make him nervous,
7ef4DlsgrMEH11cDZd32M,One Kiss (with Dua Lipa),Calvin Harris,0.791,0.862,9,-3.24,0,0.11,0.037,2.19E-05,0.0814,0.592,123.994,214847,4,One kiss is all it takes,Something in you lit up heaven in me,
76cy1WJvNGJTj78UqeA5z,IDGAF,Dua Lipa,0.836,0.544,7,-5.975,1,0.0943,0.0403,0,0.0824,0.51,97.028,217947,4,You keep reminiscin' on when you were my man but I'm over you,You say you're sorry but it's too late now,
08bNPGLD8AhKpnnERrAc6,FRIENDS,Marshmello,0.626,0.88,9,-2.384,0,0.0504,0.205,0,0.128,0.534,95.079,202621,4,Don't go look at me with that look in your eye,Don't go look at me with that look in your eye,
1rfofaqEpACxVEHIZBJe6,Havana,Camila Cabello,0.765,0.523,2,-4.333,1,0.03,0.184,3.56E-05,0.132,0.394,104.988,217307,4,I knew it when I met him I loved him when I left him,He got me feelin' like,
0s3nnoMeVWz3989MkNQiR,Lucid Dreams,Juice WRLD,0.511,0.566,6,-7.23,0,0.2,0.349,0,0.34,0.218,83.903,239836,4,I still see your shadows in my room can't take back the love that I gave you,I thought you were the one listening to my heart instead of my head,
3CA9pLiwRIGtUBiMjbZmR,Nice For What,Drake,0.586,0.909,8,-6.474,1,0.0705,0.0891,0.000109,0.119,0.757,93.394,210747,4,said you'd be there for me,"You know dark days, you know hard times",
7fa9MBXhVfQ8P8Df9OEbD,Girls Like You (feat. Cardi B),Maroon 5,0.851,0.541,0,-6.825,1,0.0505,0.568,0,0.13,0.448,124.959,235545,4,Cause girls like you run around with guys like me,Spent 24 hours I need more hours with you,
09IStsImFySgyp0pIQdqA,The Middle,Zedd,0.753,0.657,7,-3.061,1,0.0449,0.171,0,0.112,0.437,107.01,184732,4,I'm losing my mind just a little,"Baby, why don't you just meet me in the middle",
3GCdLUSnKSMJhs4Tj6CV3,All The Stars (with SZA),Kendrick Lamar,0.698,0.633,8,-4.946,1,0.0597,0.0605,0.000194,0.0926,0.552,96.924,232187,4,"Love, let's talk about love",This maybe the night that my dreams might let me know,
2qT1uLXPVPzGgFOx4jtEu,no tears left to cry,Ariana Grande,0.699,0.713,9,-5.507,0,0.0594,0.04,3.11E-06,0.294,0.354,121.993,205920,4,Ain't got no tears left to cry,"Right now, I'm in a state of mind I wanna be in, like, all the time",
39N9RPD9MRb5WmoLzNzPe,X,Nicky Jam,0.595,0.773,9,-4.736,0,0.0549,0.0364,0.00108,0.334,0.711,180.073,173628,4,,,
0JP9xo3adEtGSdUEISisz,Moonlight,XXXTENTACION,0.921,0.537,9,-5.723,0,0.0804,0.556,0.00404,0.102,0.711,128.009,135090,4,why you trippin'? Get your mood right,"Feel like I'm destined I don't need no Smith & Wesson, no",
4qKcDkK6siZ7Jp1Jb4m0a,Look Alive (feat. Drake),BlocBoy JB,0.922,0.581,10,-7.495,1,0.27,0.00104,5.86E-05,0.105,0.595,140.022,181263,4,"And I could let you check the tag now, I'm rocking name brand","I'm only chasing after bags, now I got a game plan",
5CLGzJsGqhCEECcpnFQA8,"These Days (feat. Jess Glynne, Macklemore & Dan Caplen)",Rudimental,0.653,0.809,0,-4.057,1,0.0474,0.194,0,0.165,0.55,92.213,210773,4,I hope someday We'll sit down together and laugh with each other about these days,Too young to feel this old watching us both turn cold,
3V8UKqhEK5zBkBb6d6ub8,Te Bot? - Remix,Nio Garcia,0.903,0.675,11,-3.445,0,0.214,0.542,1.28E-05,0.0595,0.442,96.507,417920,4,,,
7uzmGiiJyRfuViKKK3lVm,Mine,Bazzi,0.71,0.789,4,-3.874,1,0.0722,0.0161,2.77E-06,0.451,0.717,142.929,131064,4,Girl anything I can do just to make you feel alright,Running circles 'round my mind even when it's rainy all you ever do is shine,
2iUXsYOEPhVqEBwsqP70r,Youngblood,5 Seconds of Summer,0.596,0.854,7,-5.114,0,0.463,0.0169,0,0.124,0.152,120.274,203418,4,"I give and I give and I give and you take, give and you take",Say you want me out of your life,
2xJCMIJfcNYDc5iR0sAm2,New Rules,Dua Lipa,0.762,0.7,9,-6.021,0,0.0694,0.00261,1.56E-05,0.153,0.608,116.073,209320,4,"But my love, he doesn't love me",don't let him in you'll have to kick him out again,
7qiZfU4dY1lWllzX7mPBI,Shape of You,Ed Sheeran,0.825,0.652,1,-3.183,0,0.0802,0.581,0,0.0931,0.931,95.977,233713,4,Your love was handmade for somebody like me,We push and pull like a magnet do although my heart is falling too,
45Egmo7icyopuzJN0oMEd,Love Lies (with Normani),Khalid,0.708,0.648,6,-5.626,1,0.0449,0.0956,0,0.134,0.338,143.955,201707,4,Are you down for the ride?,Don't be afraid to tell me if you ain't with it,
4e4fqjx0Izh4svvTef1z7,Meant to Be (feat. Florida Georgia Line),Bebe Rexha,0.642,0.772,10,-6.61,1,0.0848,0.0476,0,0.0646,0.589,153.995,164205,4,"If it's meant to be, it'll be, it'll be baby, just let it be","No need to go‰ÛÜ nowhere fast, let's enjoy right here where we at",
7m9OqQk4RVRkw9JJdeAw9,Jocelyn Flores,XXXTENTACION,0.872,0.391,0,-9.144,0,0.242,0.469,4.13E-06,0.297,0.437,134.021,119133,4,feeling pain just to hold on,"I don't wanna pretend there's something, we're nothing",
0tgVpDi06FyKpA1z0VMD4,Perfect,Ed Sheeran,0.599,0.448,8,-6.312,1,0.0232,0.163,0,0.106,0.168,95.05,263400,3,"I'm dancing in the dark, with you between my arms","But darling, just kiss me slow, your heart is all I own and in your eyes you're holding mine",
5IaHrVsrferBYDm0bDyAB,Taste (feat. Offset),Tyga,0.884,0.559,0,-7.442,1,0.12,0.0236,0,0.101,0.342,97.994,232959,4,she can get a taste,"Whole lotta styles, can't even pronounce the name You don't even got no style, see you on my Instagram",
6kPJZM97LwdG9QIsT7khp,Solo (feat. Demi Lovato),Clean Bandit,0.737,0.636,11,-4.546,0,0.0437,0.0441,6.66E-05,0.35,0.565,105.005,222653,4,I never meant to leave you hurtin,I can't even hear the music without you,
75ZvA4QfFiZvzhj2xkaWA,I Fall Apart,Post Malone,0.556,0.538,8,-5.408,0,0.0382,0.0689,0,0.196,0.291,143.95,223347,4,She fooled me twice and it's all my fault,Never caught a feelin' this hard harder than the liquor I pour,
63SevszngYpZOwf63o61K,Nevermind,Dennis Lloyd,0.592,0.691,3,-8.354,1,0.196,0.156,9.78E-06,0.418,0.0796,99.976,156600,4,What if I left and it made no sense,I ain't gonna fall back down now,
0d2iYfpKoM0QCKvcLCkBa,Eastside (with Halsey & Khalid),benny blanco,0.56,0.68,6,-7.648,0,0.321,0.555,0,0.116,0.319,89.391,173800,4,My love is yours if you're willing to take it give me your heart 'cause I ain't gonna break it,Just take my hand and come with me,
4eWQlBRaTjPPUlzacqEeo,Never Be the Same,Camila Cabello,0.637,0.713,0,-4.333,1,0.0747,0.181,0.000637,0.137,0.243,129.923,226973,4,"Just one hit of you, I knew I‰Ûªll never ever, ever be the same","I'm a sucker for the way that you move, babe and I could try to run, but it would be useless",
0tBbt8CrmxbjRP0pueQky,Wolves,Selena Gomez,0.72,0.807,11,-4.59,0,0.0432,0.129,0,0.183,0.305,124.946,197993,4,I've been running with the wolves to get to you,I wanna feel the way that we did that summer night ,
7AFASza1mXqntmGtbxXpr,changes,XXXTENTACION,0.669,0.308,11,-10.068,1,0.029,0.883,0,0.0984,0.52,64.934,121887,4,"You're changing, I can't stand it","My heart can't take this damage And the way I feel, can't stand it",
0E9ZjEAyAwOXZ7wJC0PD3,In My Mind,Dynoro,0.694,0.77,6,-5.335,1,0.149,0.176,1.10E-05,0.118,0.163,125.905,184560,4,"The dreams we have, the love we share This is what we're waiting for","In my mind, in my head",
1cS0TgbR263ey9jn0MwD2,River (feat. Ed Sheeran),Eminem,0.748,0.749,8,-5.916,0,0.516,0.142,0,0.0713,0.659,90.09,221013,4,"I've been a liar, been a thief",If all it's gonna cause is pain,
2xLMifQCjDGFmkHkpNLD9,SICKO MODE,Travis Scott,0.834,0.73,8,-3.714,1,0.222,0.00513,0,0.124,0.446,155.008,312820,4,"This shit way too formal, y'all know I don't follow suit",She's in love with who I am,
1zB4vmk8tFRmM9UULNzbL,Thunder,Imagine Dragons,0.605,0.822,0,-4.833,1,0.0438,0.00671,0.134,0.147,0.288,167.997,187147,4,I was lightning before the thunder,I was dreaming of bigger things,
4kWO6O1BUXcZmaxitpVUw,Jackie Chan,Ti?sto,0.747,0.834,3,-2.867,0,0.045,0.374,0,0.0586,0.687,128.005,215760,4,"She just wanna do it for the 'Gram (you know, you know)","*Now your bitch wanna kick it, Jackie Chan",
3Vo4wInECJQuz9BIBMOu8,Finesse (Remix) [feat. Cardi B],Bruno Mars,0.704,0.859,5,-4.877,0,0.0996,0.0185,0,0.0215,0.926,105.115,217289,4,We out here drippin' in finesse,"Yeah, we got it goin' on, got it goin' on",
4hQ6UGyWQIGJmHSo0J88J,Back To You - From 13 Reasons Why ? Season 2 Soundtrack,Selena Gomez,0.601,0.724,6,-4.856,1,0.0486,0.0945,1.68E-06,0.12,0.508,102.061,207905,4,You could break my heart in two,You're stuck in my head and I can't get you out of it,
52okn5MNA47tk87PeZJLE,Let You Down,NF,0.656,0.721,5,-5.665,0,0.122,0.298,0,0.173,0.468,148.066,212120,4,"There's nothing left right now, I gave it all to you","Shoulda had my back, but you put a knife in it, my hands are full",
1gm616Plq4ScqNi7TVkZ5,Call Out My Name,The Weeknd,0.489,0.598,1,-4.929,1,0.036,0.218,0,0.35,0.172,134.045,228373,3,"Girl, call out my name, and I'll be on my way",I made sure I held you close to me,
7sO5G9EABYOXQKNPNiE9N,Ric Flair Drip (& Metro Boomin),Offset,0.88,0.428,9,-8.28,1,0.206,0.149,5.07E-05,0.114,0.333,100.007,172800,4,"Balenciaga, check my posture, Valentino boots",Hop in my Bentayga and the seat is a masseuse,
2dpaYNEQHiRxtZbfNsse9,Happier,Marshmello,0.687,0.792,5,-2.749,1,0.0452,0.191,0,0.167,0.671,100.015,214290,4,"I want you to be happier, I want you to be happier",I want to see you smile,
1mXVgsBdtIVeCLJnSnmtd,Too Good At Goodbyes,Sam Smith,0.698,0.375,5,-8.279,1,0.0491,0.652,0,0.173,0.534,91.92,201000,4,I'm way too good at goodbyes,"But every time you hurt me, the less that I cry",
10Igtw8bSDyyFs7KIsKng,Freaky Friday (feat. Chris Brown),Lil Dicky,0.755,0.599,8,-5.042,1,0.224,0.147,0,0.109,0.755,133.123,216632,4,*Somehow this shit turned into Freaky Friday,"I‰Ûªm balling on the court, oh my God I can dunk",
0pqnGHJpmpxLKifKRmU6W,Believer,Imagine Dragons,0.776,0.78,10,-4.374,0,0.128,0.0622,0,0.081,0.666,124.949,204347,4,Don't you tell me what you think that I can be,"You made me a believer, believer",
2E124GmJRnBJuXbTb4cPU,FEFE (feat. Nicki Minaj & Murda Beatz),6ix9ine,0.931,0.387,1,-9.127,1,0.412,0.088,0,0.136,0.376,125.978,179405,4,"Colorful hair, don't care","Eeny, meeny, miny, moe",
3KLygy1YWhmrQx0GRs7IO,Rise,Jonas Blue,0.687,0.785,1,-4.65,1,0.0333,0.327,0,0.203,0.655,106.046,194408,4,We're gonna ri-ri-ri-ri-rise 'til we fall,They say we're too savage,
7K7MUBCnzgBAvMVW2RTWN,Body (feat. brando),Loud Luxury,0.752,0.764,1,-4.399,1,0.038,0.0476,9.44E-05,0.0543,0.582,121.958,163216,4,"Hell nah, been waitin' too long",If things goin' wrong it's just incidental,
7GX5flRQZVHRAGd6B4TmD,XO TOUR Llif3,Lil Uzi Vert,0.732,0.75,11,-6.366,0,0.231,0.00264,0,0.109,0.401,155.096,182707,4,Everybody got the same swag now,Countin' them bands all way to the top 'til they be fallin' over,
2BgEsaKNfHUdlh97KmvFy,2002,Anne-Marie,0.697,0.683,1,-2.881,0,0.117,0.0372,0,0.137,0.603,96.133,186987,4,"Oops, I got 99 problems singing bye, bye, bye",Dancing on the hood in the middle of the woods,
0TlLq3lA83rQOYtrqBqSc,Nonstop,Drake,0.912,0.412,7,-8.074,1,0.124,0.0164,0.013,0.104,0.422,154.983,238614,4,I don't know nobody else that's doin' this,"Now they wanna know me since I hit the top, ayy",
7AQim7LbvFVZJE3O8TYgf,Fuck Love (feat. Trippie Redd),XXXTENTACION,0.797,0.533,0,-9.74,0,0.0412,0.0172,0.000152,0.103,0.329,131.036,146520,4,"Please don't throw your love away, huh","Baby, I need you in my life, in my life",
2QZ7WLBE8h2y1Y5Fb8RYb,In My Blood,Shawn Mendes,0.622,0.712,5,-7.321,1,0.066,0.0573,0,0.13,0.487,140.025,211360,4,It isn't in my blood,"Afraid to be alone again, I hate this",
7vGuf3Y35N4wmASOKLUVV,Silence,Marshmello,0.52,0.761,4,-3.093,1,0.0853,0.256,4.96E-06,0.17,0.286,141.971,180823,4,"Yeah, I'd rather be a lover than a fighter",I've been quiet for too long,
5OCJzvD7sykQEKHH7qAC3,God is a woman,Ariana Grande,0.602,0.658,1,-5.934,1,0.0558,0.0233,6.00E-05,0.237,0.268,145.031,197547,4,You'll believe God is a woman,"So, baby, take my hand, save your soul",
66BjcDhhwWCcQIBxHMpKX,Flames,David Guetta,0.631,0.649,5,-5.892,0,0.0385,0.0817,3.80E-06,0.0934,0.421,93.95,194680,4,Look within for the strength today,"So my love, keep on running",
0WdGQhoAP2LBsqr5Jhit2,What Lovers Do,Maroon 5,0.799,0.597,5,-5.131,0,0.0611,0.0788,5.66E-06,0.1,0.419,110.001,199849,4,Tryna do what lovers do,Aren't we too grown for games?,
5Gu0PDLN4YJeW75PpBSg9,"Let Me Go (with Alesso, Florida Georgia Line & watt)",Hailee Steinfeld,0.663,0.708,8,-4.154,1,0.0473,0.0337,0,0.0841,0.742,103.073,174800,4,"Someone will love you, let me go","Good on paper, picture perfect",
6QgjcU0zLnzq5OrUoSZ3O,Feel It Still,Portugal. The Man,0.801,0.795,1,-5.115,0,0.0504,0.0417,0.000113,0.0717,0.754,79.028,163253,4,"Ooh woo, I'm a rebel just for kicks, now","Might've had your fill, but you feel it still",
77UjLW8j5UAGAGVGhR5oU,Pray For Me (with Kendrick Lamar),The Weeknd,0.735,0.677,2,-4.979,1,0.093,0.0762,2.17E-05,0.111,0.188,100.584,211440,4,You know I'll ride again,"I fight the world, I fight you, I fight myself",
6n4U3TlzUGhdSFbUUhTvL,Walk It Talk It,Migos,0.909,0.628,2,-5.456,1,0.201,0.0739,0,0.108,0.406,145.905,276147,4,Take my shoes and walk a mile,"That's my sauce, where you find it?",
5k38wzpLb15YgncyWdTZE,Him & I (with Halsey),G-Eazy,0.589,0.731,2,-6.343,1,0.0868,0.0534,0,0.308,0.191,87.908,268867,4,"They don't wanna see us make it, they just wanna divide","Cross my heart, hope to die, To my lover, I'd never lie",
32lItqlMi4LBhb4k0BaSa,Candy Paint,Post Malone,0.67,0.654,4,-5.944,1,0.153,0.627,1.02E-06,0.071,0.438,180.024,227533,4,Got no jumper but I ball a lot,*God damn I love paper like I'm Michael Scott,
3a1lNhkSLSkpJE4MSHpDu,Congratulations,Post Malone,0.63,0.804,6,-4.183,1,0.0363,0.215,0,0.253,0.492,123.146,220293,4,I dreamed it all ever since I was young,"Now everyone, everywhere I go, they say 'gratulations",
4QtiVmuA88tPQiCOHZuQ5,"1, 2, 3 (feat. Jason Derulo & De La Ghetto)",Sofia Reyes,0.792,0.895,1,-3.112,0,0.0589,0.165,0,0.0501,0.794,94.968,201526,4,"If love's the game, let's play a million times","Love how you count it out for me, babe",
1ZAyjvIk9YiD76yYy0TEG,Plug Walk,Rich The Kid,0.876,0.519,11,-6.531,1,0.143,0.202,0,0.108,0.158,94.981,175230,4,I make money when I talk,"It's the plug tryna call me (skrrt, skrrt)",
0u2P5u6lvoDfwTYjAADbn,lovely (with Khalid),Billie Eilish,0.351,0.296,4,-10.109,0,0.0333,0.934,0,0.095,0.12,115.284,200186,4,"Heart made of glass, my mind of stone",But I know some day I'll make it out of here,
2UVbBKQOdFAekPTRsnkzc,Stir Fry,Migos,0.815,0.816,2,-5.474,1,0.269,0.00299,0,0.159,0.498,181.967,190288,4,Dance with my dogs in the nighttime (wroof),We livin' fast now (fast),
7KXjTSCq5nL1LoYtL7XAw,HUMBLE.,Kendrick Lamar,0.908,0.621,1,-6.638,0,0.102,0.000282,5.39E-05,0.0958,0.421,150.011,177000,4,be humble,"I don't fabricate it, ay, most of y'all be fakin', ay",
1bhUWB0zJMIKr9yVPrkEu,Perfect Duet (Ed Sheeran & Beyonc?),Ed Sheeran,0.587,0.299,8,-7.365,1,0.0263,0.779,0,0.123,0.356,94.992,259550,3,I found a love for me,Now I know I have met an angel in person,
5Z3GHaZ6ec9bsiI5Benrb,Young Dumb & Broke,Khalid,0.798,0.539,1,-6.351,1,0.0421,0.199,1.66E-05,0.165,0.394,136.949,202547,4,"Yeah, we're just young dumb and broke",But we still got love to give,
5N5k9nd479b1xpDZ4usjr,Promises (with Sam Smith),Calvin Harris,0.781,0.768,11,-5.991,1,0.0394,0.0119,4.91E-06,0.325,0.486,123.07,213309,4,"Magic is in the air, there ain't no science here",So come get your everything (tonight),
6vN77lE9LK6HP2DewaN6H,Yes Indeed,Lil Baby,0.964,0.346,5,-9.309,0,0.53,0.035,0,0.108,0.562,119.958,142273,4,"Life is amazin', it is what it should be","It worked in my favor, 'cause nobody saved me",
2P91MQbaiQOfbiz9VqhqK,I Like Me Better,Lauv,0.752,0.505,9,-7.621,1,0.253,0.535,2.55E-06,0.104,0.419,91.97,197437,4,To be drunk and in love in New York City,I like me better when I'm with you,
2xGjteMU3E1tkEPVFBO08,This Is Me,Keala Settle,0.284,0.704,2,-7.276,1,0.186,0.00583,0.000115,0.0424,0.1,191.702,234707,4,"I am who I'm meant to be, this is me",And I'm marching on to the beat I drum,
3GVkPk8mqxz0itaAriG1L,Everybody Dies In Their Nightmares,XXXTENTACION,0.734,0.57,7,-7.066,0,0.133,0.847,2.14E-05,0.112,0.689,129.953,95467,4,"Only time I feel pain, when I'm feelin' love","Don't go, stay up and don't go",
630sXRhIcfwr2e4RdNtjK,Rewrite The Stars,Zac Efron,0.684,0.619,10,-7.005,1,0.0386,0.0716,0,0.122,0.284,125.046,217440,4,What if we rewrite the stars?,All I want is to fly with you,
2xmrfQpmS2iJExTlklLoA,I Miss You (feat. Julia Michaels),Clean Bandit,0.638,0.658,3,-6.318,1,0.0456,0.245,3.77E-06,0.0919,0.33,105.076,205748,4,"I miss you, yeah I miss you","Yeah, I saved all the texts off of my ex",
5WvAo7DNuPRmk4APhdPzi,No Brainer,DJ Khaled,0.552,0.76,0,-4.706,1,0.342,0.0733,0,0.0865,0.639,135.702,260000,5,"You stick out of the crowd, baby, it's a no-brainer","Movin' my soul, yeah, you're spiritual",
1j4kHkkpqZRBwE0A4CN4Y,Dusk Till Dawn - Radio Edit,ZAYN,0.258,0.437,11,-6.593,0,0.039,0.101,1.27E-06,0.106,0.0967,180.043,239000,4,I'll be with you from dusk till dawn,Can you feel where the wind is,
3EPXxR3ImUwfayaurPi3c,Be Alright,Dean Lewis,0.553,0.586,11,-6.319,1,0.0362,0.697,0,0.0813,0.443,126.684,196373,4,It'll be alright,But nothing heals the past like time,
7qiZfU4dY1lWllzX7mPBI,Shape of You,Ed Sheeran,0.825,0.652,1,-3.183,0,0.0802,0.581,0,0.0931,0.931,95.977,233713,4,Your love was handmade for somebody like me,I'm in love with the shape of you,
6RUKPb4LETWmmr3iAEQkt,Something Just Like This,The Chainsmokers,0.617,0.635,11,-6.769,0,0.0317,0.0498,1.44E-05,0.164,0.446,103.019,247160,4,I want something just like this,How much you wanna risk?,
3DXncPQOG4VBw3QHh3S81,I'm the One,DJ Khaled,0.609,0.668,7,-4.284,1,0.0367,0.0552,0,0.167,0.811,80.924,288600,4,"I'm the best yet, and yet, my best is yet to come","Yeah, you're lookin' at the truth, the money never lie no",
7KXjTSCq5nL1LoYtL7XAw,HUMBLE.,Kendrick Lamar,0.904,0.611,1,-6.842,0,0.0888,0.000259,2.03E-05,0.0976,0.4,150.02,177000,4,"Pull up on your block, then break it down","Watch my soul speak, you let the meds talk",
3eR23VReFzcdmS7TYCrhC,It Ain't Me (with Selena Gomez),Kygo,0.64,0.533,0,-6.596,1,0.0706,0.119,0,0.0864,0.515,99.968,220781,4,Who's gonna rock you when the sun won't let you sleep?,I'll take with me / The Polaroids and the memories,
3B54sVLJ402zGa6Xm4YGN,Unforgettable,French Montana,0.726,0.769,6,-5.043,1,0.123,0.0293,0.0101,0.104,0.733,97.985,233902,4,"*A fucking good time, never hurt nobody","It's not good enough for me, since I been with you",
0KKkJNfGyhkQ5aFogxQAP,That's What I Like,Bruno Mars,0.853,0.56,1,-4.961,1,0.0406,0.013,0,0.0944,0.86,134.066,206693,4,"I got a condo in Manhattan / Baby girl, what's happnin'?","Said you got it if you want it, take my wallet if you want it, now",
3NdDpSvN911VPGivFlV5d,I Don't Want to Live Forever,ZAYN,0.735,0.451,0,-8.374,1,0.0585,0.0631,1.30E-05,0.325,0.0862,117.973,245200,4,"Baby, baby, I feel crazy, up all night, all night and every day",Countin' them bands on my way to the top 'til we fallin' over,
7GX5flRQZVHRAGd6B4TmD,XO TOUR Llif3,Lil Uzi Vert,0.732,0.75,11,-6.366,0,0.231,0.00264,0,0.109,0.401,155.096,182707,4,Countin' them bands on my way to the top 'til we fallin' over,"On the real, you should've never lied",
72jbDTw1piOOj770jWNea,Paris,The Chainsmokers,0.653,0.658,2,-6.428,1,0.0304,0.0215,1.66E-06,0.0939,0.219,99.99,221507,4,Let's show them we are,We'll get away with everything / Let's show them we are better,
0dA2Mk56wEzDgegdC6R17,Stay (with Alessia Cara),Zedd,0.679,0.634,5,-5.024,0,0.0654,0.232,0,0.115,0.498,102.013,210091,4,Hope the winds of change will change your mind,"Make it on your own, but we don't have to grow up",
4iLqG9SeJSnt0cSPICSjx,Attention,Charlie Puth,0.774,0.626,3,-4.432,0,0.0432,0.0969,3.12E-05,0.0848,0.777,100.041,211475,4,"You've been runnin' round, runnin' round, runnin' round throwin' that dirt all on my name","You just want attention, you don't want my heart",
0VgkVdmE4gld66l8iyGjg,Mask Off,Future,0.833,0.434,2,-8.795,1,0.431,0.0102,0.0219,0.165,0.281,150.062,204600,4,Hit the gas / Bossing my adrenaline,"*Fuck it, mask off",
3a1lNhkSLSkpJE4MSHpDu,Congratulations,Post Malone,0.627,0.812,6,-4.215,1,0.0358,0.198,0,0.212,0.504,123.071,220293,4,They said I wouldn't be nothing / Now they always say congratulations,"Worked so hard, forgot how to vacation",
6kex4EBAj0WHXDKZMEJaa,Swalla (feat. Nicki Minaj & Ty Dolla $ign),Jason Derulo,0.696,0.817,1,-3.862,1,0.109,0.075,0,0.187,0.782,98.064,216409,4,Love in a thousand different flavors / I wish that I could taste them all tonight,"When she droppin' low, put it on the 'Gram",
6PCUP3dWmTjcTtXY02oFd,Castle on the Hill,Ed Sheeran,0.461,0.834,2,-4.868,1,0.0989,0.0232,1.14E-05,0.14,0.471,135.007,261154,4,"I was younger then, take me back to when I / Found my heart and broke it here","And I miss the way you make me feel, and it's real",
5knuzwU65gJK7IF5yJsua,Rockabye (feat. Sean Paul & Anne-Marie),Clean Bandit,0.72,0.763,9,-4.068,0,0.0523,0.406,0,0.18,0.742,101.965,251088,4,Facing the hard life without no fear,Just see and know that you really care,
0CcQNd8CINkwQfe1RDtGV,Believer,Imagine Dragons,0.779,0.787,10,-4.305,0,0.108,0.0524,0,0.14,0.708,124.982,204347,4,All the hate that you've heard has turned your spirit to a dove,Building my rain up in the cloud / Falling like ashes to the ground,
0tKcYR2II1VCQWT79i5Nr,Thunder,Imagine Dragons,0.6,0.81,0,-4.749,1,0.0479,0.00683,0.21,0.155,0.298,167.88,187147,4,I was dreaming of bigger things / And wanna leave my own life behind,Now I'm smiling from the stage while / You were clapping in the nose bleeds,
5uCax9HTNlzGybIStD3vD,Say You Won't Let Go,James Arthur,0.358,0.557,10,-7.398,1,0.059,0.695,0,0.0902,0.494,85.043,211467,4,,,
79cuOz3SPQTuFrp8WgftA,There's Nothing Holdin' Me Back,Shawn Mendes,0.857,0.8,2,-4.035,1,0.0583,0.381,0,0.0913,0.966,121.996,199440,4,,,
6De0lHrwBfPfrhorm9q1X,Me RehÌÎå_so,Danny Ocean,0.744,0.804,1,-6.327,1,0.0677,0.0231,0,0.0494,0.426,104.823,205715,4,,,
6D0b04NJIKfEMg040WioJ,Issues,Julia Michaels,0.706,0.427,8,-6.864,1,0.0879,0.413,0,0.0609,0.42,113.804,176320,4,,,
0afhq8XCExXpqazXczTSv,Galway Girl,Ed Sheeran,0.624,0.876,9,-3.374,1,0.1,0.0735,0,0.327,0.781,99.943,170827,4,,,
3ebXMykcMXOcLeJ9xZ17X,Scared to Be Lonely,Martin Garrix,0.584,0.54,1,-7.786,0,0.0576,0.0895,0,0.261,0.195,137.972,220883,4,,,
7BKLCZ1jbUBVqRi2FVlTV,Closer,The Chainsmokers,0.748,0.524,8,-5.599,1,0.0338,0.414,0,0.111,0.661,95.01,244960,4,,,
1x5sYLZiu9r5E43kMlt9f,Symphony (feat. Zara Larsson),Clean Bandit,0.707,0.629,0,-4.581,0,0.0563,0.259,1.60E-05,0.138,0.457,122.863,212459,4,,,
5GXAXm5YOmYT0kL5jHvYB,I Feel It Coming,The Weeknd,0.768,0.813,0,-5.94,0,0.128,0.427,0,0.102,0.579,92.994,269187,4,,,
5aAx2yezTd8zXrkmtKl66,Starboy,The Weeknd,0.681,0.594,7,-7.028,1,0.282,0.165,3.49E-06,0.134,0.535,186.054,230453,4,*I'm a motherfuckin' starboy,Look what you've done,"I'm tryna put you in the worst mood, ahP1 cleaner than your church shoes, ahMilli point two just to hurt you, ahAll red Lamb' just to tease you, ahNone of these toys on lease too, ahMade your whole year in a week too, yahMain bitch out your league too, ahSide bitch out of your league too, ahHouse so empty, need a centerpieceTwenty racks a table cut from ebonyCut that ivory into skinny piecesThen she clean it with her face man I love my babyYou talking money, need a hearing aidYou talking 'bout me, I don't see a shadeSwitch up my style, I take any laneI switch up my cup, I kill any painLook what you've doneI'm a motherfuckin' starboyLook what you've doneI'm a motherfuckin' starboyEvery day a nigga try to test me, ahEvery day a nigga try to end me, ahPull off in that Roadster SV, ahPockets overweight, gettin' hefty, ahComing for the king, that's a far cry, ahI come alive in the fall time, IThe competition, I don't really listenI'm in the blue Mulsanne bumping New EditionHouse so empty, need a centerpieceTwenty racks a table cut from ebonyCut that ivory into skinny piecesThen she clean it with her face man I love my babyYou talking money, need a hearing aidYou talking 'bout me, I don't see a shadeSwitch up my style, I take any laneI switch up my cup, I kill any painLook what you've doneI'm a motherfuckin' starboyLook what you've doneI'm a motherfuckin' starboyLet a nigga Brad PittLegend of the fall took the year like a banditBought mama a crib and a brand new wagonNow she hit the grocery shop looking lavishStar Trek roof in that Wrath of KhanGirls get loose when they hear this song100 on the dash get me close to GodWe don't pray for love, we just pray for carsHouse so empty, need a centerpieceTwenty racks a table cut from ebonyCut that ivory into skinny piecesThen she clean it with her face man I love my babyYou talking money, need a hearing aidYou talking 'bout me, I don't see a shadeSwitch up my style, I take any laneI switch up my cup, I kill any painLook what you've doneI'm a motherfuckin' starboyLook what you've doneI'm a motherfuckin' starboyLook what you've doneI'm a motherfuckin' starboyLook what you've doneI'm a motherfuckin' starboy"
1OAh8uOEOvTDqkKFsKksC,Wild Thoughts,DJ Khaled,0.671,0.672,0,-3.094,0,0.0688,0.0329,0,0.118,0.632,97.98,204173,4,"When I'm with you, all I get is wild thoughts","I wanna be your baby, baby, baby","Another oneWe The Best musicDJ KhaledI don't know if you could take itKnow you wanna see me nakey, nakey, nakedI wanna be your baby, baby, babySpinning and it's wet just like it came from MaytagWhite girl wasted on that brown liquorWhen I get like this I can't be around youI'm too lit to dim down a notch'Cause I could name some thangs that I'm gon' doWild, wild, wildWild, wild, wild thoughtsWild, wild, wildWhen I'm with you, all I get is wild thoughtsWild, wild, wildWhen I'm with you, all I get is wild thoughtsLet's go!I hope you know I'm for the takin'You know this cookie is for the baking (ugh)Kitty, kitty, baby give that thing some rest'Cause you done beat it like the '68 JetsDiamonds ain't nothing when I'm rockin' with yaDiamonds ain't nothing when I'm shinin' with yaJust keep it white and black as if I'm ya sistaI'm too hip to hop around town out here with yaWild, wild, wildWild, wild, wild thoughtsWild, wild, wildWhen I'm with you, all I get is wild thoughtsWild, wild, wildWhen I'm with you, all I get is wild thoughtsAyy, I heard that pussy for the takingI heard it got these other niggas goin' crazyYeah I treat you like a lady, ladyFuck you 'til you're burned out, cremationMake it cream, yeah, Wu-TangThrow that ass back, bouquetCall me and I can get it juicyI can tell you're gone off the D'usseCareful mama watch what you sayYou talking to me like ya new baeGirl, talking to me like you tryna do thingsNow that pipe got her running like she Usain, babyYou made me drown in it, touche, babyI'm carrying that water, Bobby Boucher, babyYou know I'ma slaughter like I'm JasonBust it, why you got it on safety?White girl wasted on brown liquorI probably shouldn't be around you'Cause you get wild, wild, wildYou looking like there's nothing that you won't doAyy, girl that's when I told youWild, wild, wildWild, wild, wild thoughtsWild, wild, wildWhen I'm with you, all I get is wild thoughtsWild, wild, wildWhen I'm with you, all I get is wild thoughtsDJ Khaled!Wild, wild, wildWild, wild, wildWhen I'm with you, all I get is wild thoughts"
7tr2za8SQg2CI8EDgrdtN,Slide,Calvin Harris,0.736,0.795,1,-3.299,0,0.0545,0.498,1.21E-06,0.254,0.511,104.066,230813,4,Do you slide on all your nights like this?,My diamonds gonna shine when the lights dark,"I mightEmpty my bank accountAnd buy that boy with a pipeBuy that boy with a pipeI might, I mightEmpty my bank accountAnd buy that boy with a pipeBuy that boy with a pipeI mightDo you slide on all your nights like this?Do you try on all your nights like this? (I might)Put some spotlight on the slideWhatever comes, comes through clearDo you slide on all your nights like this?Do you try on all your nights like this? (I might)Put some spotlight on the sideAnd whatever comes, comes through clearAll this jewelry ain't no use when it's this darkIt's my favorite part, we see the lights, they got so farIt went too fast, we couldn't reach it with our armsWrist on a wrist, a link of charm (oh yeah)Laying, we're still a link apartIt's like we could die here all youngLike we could dye hair all blondeIf we could see in twenty twinTwice we could see it 'til the endPut that spotlight on her face (spotlight)Put that spotlight on her face (ah, yeah)We gon' pipe up and turn up (pipe up)We gon' light up and burn up (burn up)Mama too hot like a (like what?)Mama too hot like a furnace (furnace)I got a hundred G's in my Goyard (G's)My diamonds gon' shine when the lights dark (shine)You and I take a ride down the boulevard (yeah)And your friends really wanna break us apartGood LordGood graciousStarin' at my diamonds while I'm hoppin' out a spaceshipNeed your information, take vacation to MalaysiaYou my baby, the paparazzi flashin' crazyShe swallowed the bottleWhile I sit back and smoke gelatoWalk in my mansion, twenty thousand painting, PicassoBitches be dippin', dabbin' with niggas like a nachoTook off her panties, diamonds dancin' like Rick RiccardoShe havin' itWent to college workin' on her bachelorI know you got a past, I got a past, that's in the back of usAverage, I'mma make a million on the averageI'm ridin' with no brain, bitch, I'm out of itDo you slide on all your nights like this?Do you try on all your nights like this? (I might)Put some spotlight on the slideWhatever comes, comes through clearDo you slide on all your nights like this?Do you try on all your nights like this?Put some spotlight on the sideAnd whatever comes, comes through clearI might empty my bank account (ooh)And buy that boy with a pipe (ooh, yeah)Buy that boy with a pipeI might, I might (slide)Empty my bank account (ooh, slide)And buy that boy with a pipe (slide, yeah)Buy that boy with a pipeI might"
2ekn2ttSfGqwhhate0LSR,New Rules,Dua Lipa,0.771,0.696,9,-6.258,0,0.0755,0.00256,9.71E-06,0.179,0.656,116.054,208827,4,"I've got new rules, I count 'em","One, don't pick up the phone",
5tz69p7tJuGPeMGwNTxYu,1-800-273-8255,Logic,0.629,0.572,5,-7.733,0,0.0387,0.57,0,0.192,0.386,100.015,250173,4,I wanna feel alive,"I feel like I'm out of my mind",
7hDc8b7IXETo14hHIHdnh,Passionfruit,Drake,0.809,0.463,11,-11.377,1,0.0396,0.256,0.085,0.109,0.364,111.98,298941,4,Passionate from miles away,"Ayy, y'all get some more drinks goin' on, I'll sound a whole lot better",
7wGoVu4Dady5GV0Sv4UIs,rockstar,Post Malone,0.577,0.522,5,-6.594,0,0.0984,0.13,9.03E-05,0.142,0.119,159.772,218320,4,Feel just like a rockstar,Your wifey say I'm lookin' like a whole snack,
6EpRaXYhGOB3fj4V2uDkM,Strip That Down,Liam Payne,0.869,0.485,6,-5.595,1,0.0545,0.246,0,0.0765,0.527,106.028,204502,4,"strip that down for me, baby","You know, I love it, when the music's loud",
3A7qX2QjDlPnazUsRk5y0,2U (feat. Justin Bieber),David Guetta,0.548,0.65,8,-5.827,0,0.0591,0.219,0,0.225,0.557,144.937,194897,4,Watch me speak from my heart,When it comes to you,
0tgVpDi06FyKpA1z0VMD4,Perfect,Ed Sheeran,0.599,0.448,8,-6.312,1,0.0232,0.163,0,0.106,0.168,95.05,263400,3,"Darling, just dive right in and follow my lead",We are still kids but we're so in love,
78rIJddV4X0HkNAInEcYd,Call On Me - Ryan Riback Extended Remix,Starley,0.676,0.843,0,-4.068,1,0.0367,0.0623,0.000752,0.181,0.718,105.003,222041,4,"Call on me, darling",we'll say a little prayer,
5bcTCxgc7xVfSaMV3RuVk,Feels,Calvin Harris,0.893,0.745,11,-3.105,0,0.0571,0.0642,0,0.0943,0.872,101.018,223413,4,Do you mind if I steal a kiss?,Don't be afraid to catch feels,
0NiXXAI876aGImAd6rTj8,Mama,Jonas Blue,0.746,0.793,11,-4.209,0,0.0412,0.11,0,0.0528,0.557,104.027,181615,4,Where should we run to?,I wanna live fast and never look back,
2EEeOnHehOozLq4aS0n6S,iSpy (feat. Lil Yachty),KYLE,0.746,0.653,7,-6.745,1,0.289,0.378,0,0.229,0.672,75.016,253107,4,I spy with my little eye,"Wait, that means forever, ever, hold up, never mind",
152lZdxL1OR0ZMW6KquMi,Location,Khalid,0.736,0.449,1,-11.462,0,0.425,0.33,0.000162,0.0898,0.326,80.126,219080,4,Let's ride the vibrations,I don't need nothing else but you,
4Km5HrUvYTaSUfiSGPJeQ,Bad and Boujee (feat. Lil Uzi Vert),Migos,0.927,0.665,11,-5.313,1,0.244,0.061,0,0.123,0.175,127.076,343150,4,"Raindrops, drop tops","Ice on my neck, I'm the coolest",
0ofbQMrRDsUaVKq2mGLEA,Havana,Camila Cabello,0.768,0.517,7,-4.323,0,0.0312,0.186,3.80E-05,0.104,0.418,104.992,216897,4,,,
6HUnnBwYZqcED1eQztxMB,Solo Dance,Martin Jensen,0.744,0.836,6,-2.396,0,0.0507,0.0435,0,0.194,0.36,114.965,174933,4,"Just wanna dance, dance, dance",I'm here to fool around,
343YBumqHu19cGoGARUTs,Fake Love,Drake,0.927,0.488,9,-9.433,0,0.42,0.108,0,0.196,0.605,133.987,210937,4,I got fake people showin' fake love to me,"Yeah, I know they wanna take my place",
4pdPtRcBmOSQDlJ3Fk945,Let Me Love You,DJ Snake,0.476,0.718,8,-5.309,1,0.0576,0.0784,1.02E-05,0.122,0.142,199.864,205947,4,Let me love you,Never let you go,
3PEgB3fkiojxms35ntsTg,More Than You Know,Axwell /\ Ingrosso,0.644,0.743,5,-5.002,0,0.0355,0.034,0,0.257,0.544,123.074,203000,4,more than you know,You should know that baby you're the best,
1xznGGDReH1oQq0xzbwXa,One Dance,Drake,0.791,0.619,1,-5.886,1,0.0532,0.00784,0.00423,0.351,0.371,103.989,173987,4,that's why I need a one dance,Cause if you're down,
1NDxZ7cFAo481dtYWdrUn,Pretty Girl - Cheat Codes X CADE Remix,Maggie Lindemann,0.703,0.868,7,-4.661,0,0.0291,0.15,0.132,0.104,0.733,121.03,193613,4,you see me holding up my middlefinger to the world,"*Some days I'm nice, some days I can be a bitch",
3m660poUr1chesgkkjQM7,Sorry Not Sorry,Demi Lovato,0.704,0.633,11,-6.923,0,0.241,0.0214,0,0.29,0.863,144.021,203760,4,"Baby, I'm sorry (I'm not sorry)","And baby, I'm the baddest",
3kxfsdsCpFgN412fpnW85,Redbone,Childish Gambino,0.743,0.359,1,-10.401,1,0.0794,0.199,0.00611,0.137,0.587,160.083,326933,4,But stay woke,How'd it get so scandalous?,
6b8Be6ljOzmkOmFslEb23,24K Magic,Bruno Mars,0.818,0.803,1,-4.282,1,0.0797,0.034,0,0.153,0.632,106.97,225983,4,Twenty four karat magic in the air,What y'all trying to do?,
6HZILIRieu8S0iqY8kIKh,DNA.,Kendrick Lamar,0.637,0.514,1,-6.763,1,0.365,0.0047,0,0.094,0.402,139.931,185947,4,"I got loyalty, got royalty inside my DNA","My DNA not for imitationYour DNA an abomination",
00lNx0OcTJrS3MKHcB80H,You Don't Know Me - Radio Edit,Jax Jones,0.876,0.669,11,-6.054,0,0.138,0.163,0,0.185,0.682,124.007,213947,4,Don't act like you know me,"See, I can't get too much of a good thing",
6520aj0B4FSKGVuKNsOCO,Chained To The Rhythm,Katy Perry,0.448,0.801,0,-5.363,1,0.165,0.0733,0,0.146,0.462,189.798,237734,4,We're all chained to the rhythm,they woke up the lions,
1louJpMmzEicAn7lzDalP,No Promises (feat. Demi Lovato),Cheat Codes,0.741,0.667,10,-5.445,1,0.134,0.0575,0,0.106,0.595,112.956,223504,4,Promise me no promises,I just want to dive in with you,
2QbFClFyhMMtiurUjuQlA,Don't Wanna Know (feat. Kendrick Lamar),Maroon 5,0.775,0.617,7,-6.166,1,0.0701,0.341,0,0.0985,0.485,100.048,214265,4,Are you happy now?,I don't wanna know,
5hYTyyh2odQKphUbMqc5g,"How Far I'll Go - From ""Moana""",Alessia Cara,0.314,0.555,9,-9.601,1,0.37,0.157,0.000108,0.067,0.159,179.666,175517,4,if I go there's just no telling how far I'll go,"I can lead with pride, I can make us strong",
38yBBH2jacvDxrznF7h08,Slow Hands,Niall Horan,0.734,0.418,0,-6.678,1,0.0425,0.0129,0,0.0579,0.868,85.909,188174,4,We should take this back to my place,I just wanna take my time,
0SGkqnVQo9KPytSri1H6c,Bounce Back,Big Sean,0.77,0.567,2,-5.698,1,0.175,0.105,0,0.125,0.26,81.477,222360,4,"Last night took an L, but tonight I bounce back","*Knew that ass was real when I hit, it bounce back",
5Ohxk2dO5COHF1krpoPig,Sign of the Times,Harry Styles,0.516,0.595,5,-4.63,1,0.0313,0.0275,0,0.109,0.222,119.972,340707,4,"Just stop your crying, it's a sign of the times","They told me that the end is near, we gotta get away from here","Just stop your cryingIt's a sign of the timesWelcome to the final showHope you're wearing your best clothesYou can't bribe the door on your way to the skyYou look pretty good down hereBut you ain't really goodIf we never learn, we been here beforeWhy are we always stuck and running fromThe bullets?The bulletsWe never learn, we been here beforeWhy are we always stuck and running fromThe bullets?The bulletsJust stop your cryingIt's a sign of the timesWe gotta get away from hereWe gotta get away from hereJust stop your cryingIt'll be alrightThey told me that the end is nearWe gotta get away from hereJust stop your cryingHave the time of your lifeBreaking through the atmosphereAnd things are pretty good from hereRemember everything will be alrightWe can meet again somewhereSomewhere far away from hereWe never learn, we been here beforeWhy are we always stuck and running fromThe bullets?The bulletsWe never learn, we been here beforeWhy are we always stuck and running fromThe bullets?The bulletsJust stop your cryingIt's a sign of the timesWe gotta get away from hereWe gotta get away from hereStop your cryingBaby, it will be alrightThey told me that the end is nearWe gotta get away from hereWe never learn, we been here beforeWhy are we always stuck and running fromThe bullets?The bulletsWe never learn, we been here beforeWhy are we always stuck and running fromThe bullets?The bulletsWe don't talk enoughWe should open upBefore it's all too muchWill we ever learn?We've been here beforeIt's just what we knowStop your crying, babyIt's a sign of the timesWe gotta get awayWe got to get awayWe got to get awayWe got to get awayWe got to get awayWe got to, we got to (away)We got to, we got to (away)We got to, we got to (away)"
6gBFPUFcJLzWGx4lenP6h,goosebumps,Travis Scott,0.841,0.728,7,-3.37,1,0.0484,0.0847,0,0.149,0.43,130.049,243837,4,"I get those goosebumps every time, yeah, when you're not around","You ease my mind, you make everything feel fine","7:30, you lyingOohI get those goosebumps every time, yeah, you come around, yeahYou ease my mind, you make everything feel fineWorry about those condoms, and way too numb, yeahIt's way too drum, yeahI get those goosebumps every time, I need the heimlichThrow that to the side, yeahI get those goosebumps every time, yeah, when you're not aroundWhen you throw that to the side, yeahI get those goosebumps every time7-1-3 to the 281, yeah I'm ridingWhy they on me?Why they on me, I'm flying, sippin lowkeyI'm sipping lowkey and Onix, rider, riderWhen I'm pullin up right beside yaPopstar, love Mariah when I text a cute gameWildness, throw a stack on the BibleNever snapchat or took mollyShe fall through plenty, her and all her ginniesWe at the top floor, right there off of HennyOh no, I can't fuck with y'allWhen I'm with my squad I cannot do no wrongSaucin' in the city, don't get misinformedThey gon' pull up on you (brr, brr, brr)We gon' do some things, some things you can't relate'Cause we from a place, a place you cannot stayYou can't go, I don't knowOh, back the fuck up off me (brr, brr, brr)I get those goosebumps every time, yeah, you come around, yeahYou ease my mind, you make everything feel fineWorry about those condoms, and way too numb, yeahIt's way too drum, yeahI get those goosebumps every time, I need the heimlichThrow that to the side, yeahI get those goosebumps every time, yeah, when you're not aroundWhen you throw that to the side, yeahI get those goosebumps every timeI wanna press my line, yeah, I wanna press myI want a green light, I wanna be likeI wanna press my line, yeahI want to take that ride, yeahI'm gonna press my lineI wanna green like, I wanna be like, I wanna press myMama, dear, spare your feelingI'm reliving moments, peeling more residualI can buy the building, burn the building, take your bitchRebuild the building just to fuck some moreI can justify my love for you and touch the sky for God to stop, debating wallPut the pussy on a pedestalPut the pussy on a high horseThat pussy to die forThat pussy to die forPeter, piper, picked a peppersI could pick your brain and put your heart togetherRead apart, the shady parts and party hard, the diamonds yoursThe coupe foreverMy best shots might shoot forever like (brr)I get those goosebumps every time, yeah, you come around, yeahYou ease my mind, you make everything feel fineWorry about those condoms, and way too numb, yeahIt's way too drum, yeahI get those goosebumps every time, I need the heimlichThrow that to the side, yeahI get those goosebumps every time, yeah, when you're not aroundWhen you throw that to the side, yeahI get those goosebumps every time"
5Z3GHaZ6ec9bsiI5Benrb,Young Dumb & Broke,Khalid,0.798,0.539,1,-6.351,1,0.0421,0.199,1.66E-05,0.165,0.394,136.949,202547,4,"We're just young, dumb and broke but we still got love to give",What's fun about commitment when we have our life to live,"So you're still thinking of meJust like I know you shouldI can not give you everything, you know I wish I couldI'm so high at the momentI'm so caught up in thisYeah, we're just young, dumb and brokeBut we still got love to giveWhile we're young dumbYoung, young dumb and brokeYoung dumbYoung, young dumb and brokeYoung dumbYoung, young dumb and brokeYoung dumb broke high school kidsYadadadadadadadaYadadadadadadaYadadadadadadadaYoung dumb broke high school kidsWe have so much in commonWe argue all the timeYou always say I'm wrongI'm pretty sure I'm rightWhat's fun about commitment?When we have our life to liveYeah, we're just young dumb and brokeBut we still got love to giveWhile we're young dumbYoung, young dumb and brokeYoung dumbYoung, young dumb and brokeYoung dumbYoung, young dumb and brokeYoung dumb broke high school kidsYadadadadadadadaYadadadadadadaYadadadadadadadaYoung dumb broke high school kidsJump and we think, leave it all in the game of loveLoveRun into sin, do it all in the name of funFunWhoa-oa-oaI'm so high at the momentI'm so caught up in thisYeah, we're just young, dumb and brokeBut we still got love to giveWhile we're young dumbYoung, young dumb and brokeYoung dumbYoung, young dumb and brokeYoung dumbYoung, young dumb and brokeYoung dumb broke high school kidsYadadadadadadadaYadadadadadadaYadadadadadadadaYoung dumb broke high school kidsYadadadadadadadaYadadadadadadaYadadadadadadadaYoung dumb broke high school kids"
6jA8HL9i4QGzsj6fjoxp8,There for You,Martin Garrix,0.611,0.644,6,-7.607,0,0.0553,0.124,0,0.124,0.13,105.969,221904,4,Somewhere I lost a piece of me smoking cigarettes on balconies,"Love is a road that goes both ways, when your tears roll down your pillow like a river, I'll be there for you","I woke up pissed off todayAnd lately everyone feels fakeSomewhere I lost a piece of meSmoking cigarettes on balconiesBut I can't do this aloneSometimes I just need a lightIf I call you on the phoneNeed you on the other sideSo when your tears roll down your pillow like a riverI'll be there for youI'll be there for youWhen you're screaming, but they only hear you whisperI'll be loud for youBut you gotta be there for me tooBut you gotta be there for me tooLast year took a toll on meBut I made it with you next to meAround the world and back againI hope you're waiting at the endBut I can't do this aloneSometimes I just need a lightIf I call you on the phoneNeed you on the other sideSo when your tears roll down your pillow like a riverI'll be there for youI'll be there for youWhen you're screaming, but they only hear you whisperI'll be loud for youI'll be loud for youI got you, I promiseLet me be honestLove is a road that goes both waysWhen your tears roll down your pillow like a riverI'll be there for youBut you gotta be there for me tooBut you gotta be there for me tooBoy, I'm holding on to somethingWon't let go of you for nothingI'm running, running, just to keep my hands on youThere was a time that I was so blueWhat I got to do to show youI'm running, running, just to keep my hands on youRunning, running, just to keep my hands on youRunning, running, just to keep my hands on youSo I'm running, running, just to keep my hands on youBut you gotta be there for me tooBut you gotta be there for me too"
21TdkDRXuAB3k90ujRU1e,Cold (feat. Future),Maroon 5,0.697,0.716,9,-6.288,0,0.113,0.118,0,0.0424,0.506,99.905,234308,4,"Cold enough to chill my bones, it feels like I don't know you anymore","I don't understand why you're so cold to me, with every breath you breathe, I see there's something going on","Cold enough to chill my bonesIt feels like I don't know you anymoreI don't understand why you're so cold to meWith every breath you breatheI see there's something going onI don't understand why you're so coldAre we taking time, or a time out?I can't take the in-betweenAsking me for space here in my houseYou know how to fuck with meActing like we're not togetherAfter everything that we've been throughSleeping up under the coversHow am I so far away from you?Distant, when we're kissingFeel so differentBaby, tell me how did you get soCold enough to chill my bonesIt feels like I don't know you anymoreI don't understand why you're so cold to meWith every breath you breatheI see there's something going onI don't understand why you're so cold, yeahWhoa, yeahWhoa, yeahI don't understand why you're so coldWhat you holdin' on, holdin' on for?If you wanna leave, just leaveWhy you wanna bite your tongue for?The silence is killing meActing like we're not togetherIf you don't want this, then what's the use?Sleeping up under the coversHow am I so far away from you?Distant, when we're kissingFeel so differentBaby tell me how did you get soCold enough to chill my bonesIt feels like I don't know you anymoreI don't understand why you're so cold to meWith every breath you breatheI see there's something going onI don't understand why you're so cold, yeahWhoa, yeahWhoa, yeahI don't understand why you're so cold, yeahSo cold, it‰Ûªs a cold worldWhoa, yeahSo cold, it‰Ûªs a cold worldWhoa, yeahSo cold, it‰Ûªs a cold worldI don't understand why you're so coldNever thought that you were like thisI took the tag off, and made you pricelessI just spent half a mill' on a chandelierNow you tryna' cut me off like a light switch, yeahTryna' stay, and I leaveSaying that you need some time to breatheThinking that I'm sleeping on the four letter wordBut the four letter word don't sleepWe goin' two separate waysYou ain't been actin' the sameYou gotta go, but where your heart used to beYou gold dig every dayI switched the four door to the two door'Cause I can't let my driver hear what you sayGirl, I tried to give you spaceBaby, tell me how did you get soCold enough to chill my bonesIt feels like I don't know you anymoreI don't understand why you're so cold to meWith every breath you breatheI see there's something going onI don't understand why you're so coldSo cold, it‰Ûªs a cold worldWhoa, yeahSo cold, it‰Ûªs a cold worldWhoa, yeahSo cold, it‰Ûªs a cold worldI don't understand why you're so cold, yeahSo cold, it‰Ûªs a cold worldWhoa, yeahSo cold, it‰Ûªs a cold worldWhoa, yeahSo cold, it‰Ûªs a cold worldI don't understand why you're so cold"
7vGuf3Y35N4wmASOKLUVV,Silence,Marshmello,0.52,0.761,4,-3.093,1,0.0853,0.256,4.96E-06,0.17,0.286,141.971,180823,4,"I found peace in your violence, can't tell me there's no point in trying","I'm so used to being in the wrong, I'm tired of caring, loving never gave me a home, so I'll sit here in the silence","Yeah, I'd rather be a lover than a fighter'Cause all my life, I've been fightingNever felt a feeling of comfortAll this time, I've been hidingAnd I never had someone to call my own, oh nahI'm so used to sharingLove only left me aloneBut I'm at one with the silenceI found peace in your violenceCan't tell me there's no point in tryingI'm at one, and I've been quiet for too longI found peace in your violenceCan't tell me there's no point in tryingI'm at one, and I've been silent for too longI've been quiet for too longI've been quiet for too longI found peace in your violenceCan't tell me there's no point in tryingI'm at one, and I've been quiet for too longI'm in need of a savior, but I'm not asking for favorsMy whole life, I've felt like a burdenI think too much, and I hate itI'm so used to being in the wrong, I'm tired of caringLoving never gave me a home, so I'll sit here in the silenceI found peace in your violenceCan't tell me there's no point in tryingI'm at one, and I've been quiet for too longI found peace in your violenceCan't tell me there's no point in tryingI'm at one, and I've been silent for too longI've been quiet for too longI've been quiet for too longI found peace in your violenceCan't tell me there's no point in tryingI'm at one, and I've been quiet for too long"
1mXVgsBdtIVeCLJnSnmtd,Too Good At Goodbyes,Sam Smith,0.698,0.375,5,-8.279,1,0.0491,0.652,0,0.173,0.534,91.92,201000,4,"Baby, we don't stand a chance, it's sad but it's true, I'm way too good at goodbyes","So I'm never gonna get too close to you, even when I mean the most to you, in case you go and leave me in the dirt","You must think that I'm stupidYou must think that I'm a foolYou must think that I'm new to thisBut I have seen this all beforeI'm never gonna let you close to meEven though you mean the most to me'Cause every time I open up, it hurtsSo I'm never gonna get too close to youEven when I mean the most to youIn case you go and leave me in the dirtBut every time you hurt me, the less that I cryAnd every time you leave me, the quicker these tears dryAnd every time you walk out, the less I love youBaby, we don't stand a chance, it's sad but it's trueI'm way too good at goodbyes(I'm way too good at goodbyes)I'm way too good at goodbyes(I'm way too good at goodbyes)I know you're thinking I'm heartlessI know you're thinking I'm coldI'm just protecting my innocenceI'm just protecting my soulI'm never gonna let you close to meEven though you mean the most to me'Cause every time I open up, it hurtsSo I'm never gonna get too close to youEven when I mean the most to youIn case you go and leave me in the dirtBut every time you hurt me, the less that I cryAnd every time you leave me, the quicker these tears dryAnd every time you walk out, the less I love youBaby, we don't stand a chance, it's sad but it's trueI'm way to good at goodbyes(I'm way to good at goodbyes)I'm way too good at goodbyes(I'm way too good at goodbyes)No way that you'll see me cry(No way that you'll see me cry)I'm way too good at goodbyes(I'm way too good at goodbyes)NoNo, no, no, no, no (I'm way too good at goodbyes)No, no, no, noNo, no, no (I'm way too good at goodbyes)(No way that you'll see me cry)(I'm way too good at goodbyes)'Cause every time you hurt me, the less that I cryAnd every time you leave me, the quicker these tears dryAnd every time you walk out, the less I love youBaby, we don't stand a chance, it's sad but it's trueI'm way too good at goodbyes"
3EmmCZoqpWOTY1g2GBwJo,Just Hold On,Steve Aoki,0.647,0.932,11,-3.515,1,0.0824,0.00383,1.50E-06,0.0574,0.374,114.991,198774,4,What do you do when a chapter ends?‰ÛÂ Do you close the book and never read it again?‰ÛÂ,"The sun goes down and it comes back up, the world it turns no matter what ","Wish that you could build a time machineSo you could seeThe things no one can seeFeels like you're standing on the edgeLooking at the starsAnd wishing you were them‰Û»What do you do when a chapter ends?‰ÛÂ‰Û»Do you close the book and never read it again?‰ÛÂ‰Û»Where do you go when your story's done?‰ÛÂ‰Û»You can be who you were or who you'll become Oh-oh-oh, oh-oh-oh oh, if it all goes wrong Oh-oh-oh, oh-oh-oh oh, darling just hold on‰Û»The sun goes down and it comes back up ‰Û»The world it turns no matter what Oh-oh-oh, oh-oh-oh oh, if it all goes wrongDarling, just hold onOh-oh-oh, oh-oh-oh oh, darling, just hold onOh-oh-oh, oh-oh-oh ohIt's not over 'til it's all been said ‰Û»It's not over 'til your dying breath ‰Û»So what do you want them to say when you're gone?‰ÛÂ‰Û»That you gave up or that you kept going on?‰ÛÂ‰Û»What do you do when a chapter ends?‰ÛÂ‰Û»Do you close the book and never read it again?‰ÛÂ‰Û»Where do you go when your story's done?‰ÛÂ‰Û»You can be who you were or who you'll become Oh-oh-oh, oh-oh-oh oh, ‰Û»if it all goes wrong Oh-oh-oh, oh-oh-oh oh, darling just hold on‰Û»The sun goes down and it comes back up ‰Û»The world it turns no matter what Oh-oh-oh, oh-oh-oh oh, if it all goes wrongDarling, just hold onOh-oh-oh, oh-oh-oh ohDarling, just hold onOh-oh-oh, oh-oh-oh ohIf it all goes wrongOh-oh-oh, oh-oh-oh ohDarling just hold onOh-oh-oh, oh-oh-oh ohIf it all goes wrong, darling just hold on"
6uFsE1JgZ20EXyU0JQZbU,Look What You Made Me Do,Taylor Swift,0.773,0.68,9,-6.378,0,0.141,0.213,1.57E-05,0.122,0.497,128.062,211859,4,"But I got smarter, I got harder in the nick of time, honey, I rose up from the dead, I do it all the time","The world moves on, another day, another drama, drama, but not for me, not for me, all I think about is karma","I don't like your little gamesDon't like your tilted stageThe role you made me playOf the fool, no, I don't like youI don't like your perfect crimeHow you laugh when you lieYou said the gun was mineIsn't cool, no, I don't like you (oh!)But I got smarter, I got harder in the nick of timeHoney, I rose up from the dead, I do it all the timeI've got a list of names and yours is in red, underlinedI check it once, then I check it twice, oh!Ooh, look what you made me doLook what you made me doLook what you just made me doLook what you just made meOoh, look what you made me doLook what you made me doLook what you just made me doLook what you just made me doI don't like your kingdom keysThey once belonged to meYou ask me for a place to sleepLocked me out and threw a feast (what!?)The world moves on, another day, another drama, dramaBut not for me, not for me, all I think about is karmaAnd then the world moves on, but one thing's for sure (sure)Maybe I got mine, but you'll all get yoursBut I got smarter, I got harder in the nick of time (nick of time)Honey, I rose up from the dead, I do it all the time (I do it all the time)I've got a list of names and yours is in red, underlinedI check it once, then I check it twice, oh!Ooh, look what you made me doLook what you made me doLook what you just made me doLook what you just made meOoh, look what you made me doLook what you made me doLook what you just made me doLook what you just made me doI don't trust nobody and nobody trusts meI'll be the actress starring in your bad dreamsI don't trust nobody and nobody trusts meI'll be the actress starring in your bad dreamsI don't trust nobody and nobody trusts meI'll be the actress starring in your bad dreamsI don't trust nobody and nobody trusts meI'll be the actress starring in your bad dreams(Ooh, look what you made me do)(Look what you made me do)(Look what you just made me do)""I'm sorry, the old Taylor can't come to the phone right now"" (Ooh, look what you made me do)""Why?"" (Look what you made me do)""Oh, 'cause she's dead!"" (oh!)Ooh, look what you made me doLook what you made me doLook what you just made me doLook what you just made meOoh, look what you made me doLook what you made me doLook what you just made me doLook what you just made me doOoh, look what you made me doLook what you made me doLook what you just made me doLook what you just made meOoh, look what you made me doLook what you made me doLook what you just made me doLook what you just made me do"
0CokSRCu5hZgPxcZBaEzV,Glorious (feat. Skylar Grey),Macklemore,0.731,0.794,0,-5.126,0,0.0522,0.0323,2.59E-05,0.112,0.356,139.994,220454,4,"Seek and I find I can sleep when I die, wanna piece of the pie, grab the keys to the ride","I made it through the darkest part of the night and now I see the sunrise, now I feel glorious","You know I'm back like I never left (I never left)Another sprint, another step (another step)Another day, another breath (another breath)Been chasing dreams, but I never slept (I never slept)I got a new attitude and a lease on lifeAnd some peace of mindSeek and I find I can sleep when I dieWanna piece of the pie, grab the keys to the rideAnd shit I'm straightI'm on my wave, I'm on my waveGet out my wake, I'm running late, what can I say?I heard you die twice, once when they bury you in the graveAnd the second time is the last time that somebody mentions your nameSo when I leave here on this earth, did I take more than I gave?Did I look out for the people or did I do it all for fame?Legend, it's exodus searching for euphoriaTrudging through the mud to find the present, no ignoring usGot 20, 000 deep off in the street like we some warriorsMy mama told me never bow your head, woo!I feel glorious, gloriousGot a chance to start againI was born for this, born for thisIt's who I am, how could I forget?I made it through the darkest part of the nightAnd now I see the sunriseNow I feel glorious, gloriousI feel glorious, gloriousI'm feeling gloriousThe crib looking Victorian (oh yes it is)You know that we been going in (been going in)Since we hopped out that Delorean (Delorean, yeah we win)En garde, things are just thingsThey don't make you who you areCan't pack up a U-Haul and take it with you when you're goneWe posted on the porch, my family's glasses to the starsMy grandma smiling down on me like woo, that boy got barsOkay, okay, yes I doI said amen and hallelujah, let me testify tooAnother morning, a morning, don't let self get in my wayI got my breath, I got my faith and I remember why I cameI feel glorious, gloriousGot a chance to start againI was born for this, born for thisIt's who I am, how could I forget?I made it through the darkest part of the nightAnd now I see the sunriseNow I feel glorious, gloriousI feel glorious, gloriousWe gon' be alright, put that on my lifeWhen I open my eyes, hope I see you shineWe're planting a flag they don't understandThe world is up for grabs (Hey, hey, hey)We gon' be alright, put that on my lifeWhen I open my eyes, hope I see you shineWe're planting a flag they don't understandThe world is up for grabsI feel glorious, gloriousGot a chance to start againI was born for this, born for thisIt's who I am, how could I forget?I made it through the darkest part of the nightAnd now I see the sunriseNow I feel glorious, gloriousI feel glorious, glorious"
6875MeXyCW0wLyT72Eetm,Starving,Hailee Steinfeld,0.721,0.626,4,-4.2,1,0.123,0.402,0,0.102,0.558,99.914,181933,4,Don't need no butterflies when you give me the whole damn zoo,I didn't know that I was starving till I tasted you,"You know just what to sayShit, that scares me, I should just walk awayBut I can't move my feetThe more that I know you, the more I want toSomething inside me's changedI was so much younger yesterday, ohI didn't know that I was starving till I tasted youDon't need no butterflies when you give me the whole damn zooBy the way, by the way, you do things to my bodyI didn't know that I was starving till I tasted youBy the way, by the way, you do things to my bodyI didn't know that I was starving till I tasted youYou know just how to make my heart beat fasterEmotional earthquake, bring on disasterYou hit me head-on, got me weak in my kneesYeah, something inside me's changedI was so much younger yesterday, ye-eahSo much younger yesterday, oh, yeahI didn't know that I was starving till I tasted youDon't need no butterflies when you give me the whole damn zooBy the way, by the way, you do things to my bodyI didn't know that I was starving till I tasted youBy the way, by the way, you do things to my bodyI didn't know that I was starving till I tasted youYou, yeah, till I tasted you(I didn't know that I-I didn't know that I-till I tasted you)By the way, by the way, you do things to my bodyI didn't know that I was starving till I tasted you, ooh, ooh, ooh, oohNa-na-na-naNa-na-na-naThe more that I know you, the more I want toSomething inside me's changedI was so much younger yesterday"
3E2Zh20GDCR9B1EYjfXWy,Weak,AJR,0.673,0.637,5,-4.518,1,0.0429,0.137,0,0.184,0.678,123.98,201160,4,"Boy, oh boy I love it when I fall for that, I'm weak, and what's wrong with that?","""No thank you"" is what I should've said, I should be in bed","""No thank you"" is what I should've saidI should be in bedBut temptations of trouble on my tongueTroubles yet to comeOne sip, bad for meOne hit, bad for meOne kiss, bad for meBut I give in so easilyAnd no thank you is how it should've goneI should stay strongBut I'm weak, and what's wrong with that?Boy, oh boy I love it when I fall for thatI'm weak, and what's wrong with that?Boy, oh boy I love it when I fall for thatI'm weakBut I'm weak(Ooh waaaaaaa ee ya ee ya)(Ooh waaaaaaa ee ya ee ya)But I'm weakNo, thank youThey call me after darkI don't want no partMy habitsThey hold me like a grudgeI promise I won't budgeOne sip, bad for meOne hit, bad for meOne kiss, bad for meBut I give in so easilyAnd no thank you is how it should've goneI should stay strongBut I'm weak, and what's wrong with that?Boy, oh boy I love it when I fall for thatI'm weak, and what's wrong with that?Boy, oh boy I love it when I fall for thatI'm weakBut I'm weak(Ooh waaaaaaa ee ya ee ya)(Ooh waaaaaaa ee ya ee ya)But I'm weakAnd no thank you is how it should've goneI should stay strongBut I'm weak, and what's wrong with that?Boy, oh boy I love it when I fall for thatI'm weak, and what's wrong with that?Boy, oh boy I love it when I fall for thatI'm weakBut I'm weak(Ooh waaaaaaa ee ya ee ya)(Ooh waaaaaaa ee ya ee ya)But I'm weak"
4pLwZjInHj3SimIyN9SnO,Side To Side,Ariana Grande,0.648,0.738,6,-5.883,0,0.247,0.0408,0,0.292,0.603,159.145,226160,4,Rappers in they feelings cause they feelin' me,"Uh, I give zero fucks and I got zero chill in me","I've been here all night (Ariana)I've been here all day (Nicki Minaj)And boy, got me walkin' side to side(Let them hoes know)I'm talkin' to yaSee you standing over there with your bodyFeeling like I wanna rock with your bodyAnd we don't gotta think 'bout nothin' ('Bout nothin')I'm comin' at ya'Cause I know you got a bad reputationDoesn't matter, 'cause you give me temptationAnd we don't gotta think 'bout nothin' ('Bout nothin')These friends keep talkin' way too muchSay I should give you upCan't hear them no, 'cause II've been here all nightI've been here all dayAnd boy, got me walkin' side to sideI've been here all nightI've been here all dayAnd boy, got me walkin' side to side (Side to side)Been tryna hide itBaby what's it gonna hurt if they don't know?Makin' everybody think that we soloJust as long as you know you got me (You got me)And boy I got ya'Cause tonight I'm making deals with the devilAnd I know it's gonna get me in troubleJust as long as you know you got meThese friends keep talkin' way too muchSay I should give you upCan't hear them no, 'causeI've been here all nightI've been here all dayAnd boy, got me walkin' side to side (Side to side)I've been here all night(Been here all night, baby)I've been here all day(Been here all day, baby)And boy, got me walkin' side to side (Side to side)This the new style with the fresh type of flowWrist icicle, ride dick bicycleCome true yo, get you this type of blowIf you wanna menage I got a tricycleAll these bitches, flows is my mini-meBody smoking, so they call me young Nicki chimneyRappers in they feelings cause they feelin' meUh, I-I give zero fucks and I got zero chill in meKissing me, copped the blue box that say TiffanyCurry with the shot, just tell 'em to call me StephanieGun pop and I make my gum popI'm the queen of rap, young Ariana run popThese friends keep talkin' way too muchSay I should give him upCan't hear them no, 'cause II've been here all nightI've been here all dayAnd boy, got me walkin' side to side (Side to side)I've been here all night(Been here all night baby)I've been here all day(Been here all day baby)Boy, got me walkin' side to side (Side to side)This the new style with the fresh type of flowWrist icicle, ride dick bicycleCome true yo, get you this type of blowIf you wanna menage I got a tricycle"
1wjzFQodRWrPcQ0AnYnvQ,I Like Me Better,Lauv,0.752,0.505,9,-7.621,1,0.253,0.535,2.55E-06,0.104,0.419,91.97,197437,4,"Damn, I like me better when I'm with you",To not know who I am but still know that I'm good long as you're here with me,"To be young and in love in New York City (New York City)To not know who I am but still know that I'm good long as you're here with meTo be drunk and in love in New York CityMidnight into morning coffeeBurning through the hours talkingDamn, I like me better when I'm with youI like me better when I'm with youI knew from the first time, I'd stay for a long time 'causeI like me better whenI like me better when I'm with youI don't know what it is but I got that feeling (got that feeling)Waking up in this bed next to you swear the roomYeah, it got no ceilingIf we lay, let the day just pass us byI might get to too much talkingI might have to tell you somethingDamn, I like me better when I'm with youI like me better when I'm with youI knew from the first time, I'd stay for a long time 'causeI like me better whenI like me better when I'm with youStay awhile, stay awhileStay here with meStay awhile, stay awhile, ohStay awhile, stay awhileStay here with meLay here with meI like me better when I'm with you (yes, I do, yes, I do, babe)I like me better when I'm with you (ooh, no)I knew from the first time, I'd stay for a long time 'causeI like me better whenI like me better when I'm with youBetter when, I like me better when I'm with you"
04DwTuZ2VBdJCCC5TROn7,In the Name of Love,Martin Garrix,0.49,0.485,4,-6.237,0,0.0406,0.0592,0,0.337,0.196,133.889,195840,4,"I will hold you in the depths of your despair, and it's all in the name of love",You bring me back to life,"If I told you this was only gonna hurtIf I warned you that the fire's gonna burnWould you walk in?Would you let me do it first?Do it all in the name of loveWould you let me lead you even when you're blind?In the darkness, in the middle of the nightIn the silence, when there's no one by your sideWould you call in the name of love?In the name of love, name of loveIn the name of love, name of loveIn the name ofIn the name, nameIn the name, nameIf I told you we could bathe in all the lightsWould you rise up, come and meet me in the sky?Would you trust me when you're jumping from the heights?Would you fall in the name of love?When there's madness, when there's poison in your headWhen the sadness leaves you broken in your bedI will hold you in the depths of your despairAnd it's all in the name of loveIn the name of love, name of loveIn the name of love, name of loveIn the name ofIn the name, nameIn the name, nameI wanna testifyScream in the holy lightYou bring me back to lifeAnd it's all in the name of loveI wanna testifyScream in the holy lightYou bring me back to lifeAnd it's all in the name of loveIn the name of love, name of loveIn the name of love, name of loveIn the name ofIn the name, nameIn the name, nameIn the name ofIn the name, nameIn the name of"
6DNtNfH8hXkqOX1sjqmI7,Cold Water (feat. Justin Bieber & MÌÎÌá),Major Lazer,0.608,0.798,6,-5.092,0,0.0432,0.0736,0,0.156,0.501,92.943,185352,4,"Everybody gets high sometimes, you know","Cause we all get lost sometimes, you know?","Everybody gets high sometimes, you knowWhat else can we do when we're feeling low?So take a deep breath and let it goYou shouldn't be drowning on your ownAnd if you feel you're sinking, I will jump right overInto cold, cold water for youAnd although time may take us into different placesI will still be patient with youAnd I hope you knowI won't let goI'll be your lifeline tonightI won't let goI'll be your lifeline tonight'Cause we all get lost sometimes, you know?It's how we learn and how we growAnd I wanna lay with you 'til I'm oldYou shouldn't be fighting on your ownAnd if you feel you're sinking, I will jump right overInto cold, cold water for youAnd although time may take us into different placesI will still be patient with youAnd I hope you knowI won't let go (I won't let go, no no, no no no no)I'll be your lifeline tonightI won't let goI'll be your lifeline tonightCome on, come onSave me from my rocking boatI just wanna stay afloatI'm all aloneAnd I hope someone‰Ûªs gonna take me homeSomewhere I can rest my soulI need to know you won't let goI won't let go, no no, no no no noI'll be your lifeline tonightYou won't let goI'll be your lifeline tonightI won't let goI won't let go"
1UZOjK1BwmwWU14Erba9C,Malibu,Miley Cyrus,0.573,0.781,8,-6.406,1,0.0555,0.0767,2.64E-05,0.0813,0.343,139.934,231907,4,Next to you the sky is more blue,We are just like the waves that flow back and forth,"I never came to the beach or stood by the oceanI never sat by the shore under the sun with my feet in the sandBut you brought me here and I'm happy that you did'Cause now I'm as free as birds catching the windI always thought I would sink, so I never swamI never went boatin', don't get how they are floatin'And sometimes I get so scared of what I can't understandBut here I amNext to youThe sky is more blueIn MalibuNext to youIn MalibuNext to youWe watched the sun go down as we were walkingI'd spend the rest of my life just standing here talkingYou would explain the current, as I just smileHoping I just stay the same and nothing will changeAnd it'll be us, just for a whileDo we even exist?That's when I make the wishTo swim away with the fishIs it supposed to be this hot all summer long?I never would've believed youIf three years ago you told meI'd be here writing this songBut here I amNext to youThe sky is so blueIn MalibuNext to youIn MalibuNext to youNext to youThe sky is so blueIn MalibuNext to youWe are just like the waves that flow back and forthSometimes I feel like I'm drowning and you're there to save meAnd I wanna thank you with all of my heartIt's a brand new startA dream come trueIn Malibu"
4b4KcovePX8Ke2cLIQTLM,All Night,The Vamps,0.544,0.809,8,-5.098,1,0.0363,0.0038,0,0.323,0.448,145.017,197640,4,Cause I feel like I'm always dreaming,"Ever since you came around, can't nobody hold me down","I been up all night, no sleep'Cause I feel like I'm always dreamingAll night, no sleep'Cause I feel like I'm always dreaming'Cause I feel like I'm always dreamingSometimes I tend to lose myself when I'm out here on my ownI never seem to get it right, but I guess that's how it goesEver since you came around, can't nobody hold me downYou showed me how to find myself when I needed it the mostI been up all night, no sleep'Cause I feel like I'm always dreamingAll night, no sleep'Cause I feel like I'm always dreamingWide awake, that's okay, as long as I'm with youI'll be up all night, no sleep'Cause I feel like I'm always dreaming'Cause I feel like I'm always dreamingI'm never gonna find my wayIf I don't learn to let goThe past is the past, today is todayAnd there's things I can't controlThe circles underneath my eyesTell the truth that I've been trying to hideI've been waiting for you way too longWon't you come and take me homeOh I, I'm praying this ain't all a dreamCan you, you, wake me up before you leaveI been up all night, no sleep'Cause I feel like I'm always dreamingAll night, no sleep'Cause I feel like I'm always dreamingWide awake, that's okay, as long as I'm with youI'll be up all night, no sleep'Cause I feel like I'm always dreamingWhoa, as long as I'm with you'Cause I feel like I'm always dreaming'Cause I feel like I'm always dreaming"
1a5Yu5L18qNxVhXx38njO,Hear Me Now,Alok,0.789,0.442,11,-7.844,1,0.0421,0.586,0.00366,0.0927,0.45,121.971,192846,4,Things aren't easy,"You're not always right, no","I know you'll get strongerWhen you get older, ohJust don't shrug your shouldersWhen you get older, ohThings aren't easySo just believe me nowIf you can keep it cool nowAnd never make a soundAll the lights will guide the wayIf you get to hear me nowAll the fears will fade awayIf you get to hear me nowIf you get to hear me nowIf you get to hear me nowLeave excuses asideSpeak out your mind, ohAnd don't let it slideYou're not always right, noThings aren't easySo just believe me nowDon't learn the hard wayJust let me show you howIf you get to hear me nowIf you get to hear me nowIf you get to hear me nowIf you get to hear me nowIf you get to hear me nowIf you get to hear me nowIf you get to hear me nowIf you get to hear me now"
4c2W3VKsOFoIg2SFaO6DY,Your Song,Rita Ora,0.855,0.624,1,-4.093,1,0.0488,0.158,0,0.0513,0.962,117.959,180757,4,I found my heart up in this place tonight,"I don't want to hear sad songs anymore, I only want to hear love songs","I woke up with a fear this morningBut I can taste you on the tip of my tongueAlarm without no warningYou're by my side and we've got smoke in our lungsLast night we were way up, kissing in the back of the cabAnd then you say, ""Love, baby, let's go back to my flat""And when we wake up, never had a feeling like thatI got a reason, so man, put that record on againI don't want to hear sad songs anymoreI only want to hear love songsI found my heart up in this place tonightDon't want to sing mad songs anymoreOnly want to sing your song'Cause your song's got me feeling like I'mI'm in love, I'm in love, I'm in loveYeah, you know, your song's got me feeling like I'mNo fear but I think I'm fallingI'm not proudBut I'm usually the type of girl that would hit and runNo risk so I think I'm all inWhen I kiss your lips, feel my heartbeat thumpAnd now we're way up, dancing on the roof of the houseAnd then we make love, right there on your best friend's couchAnd then you say, ""Love, this is what it's all about""So keep on kissing my mouth and put that record on againI don't want to hear sad songs anymoreI only want to hear love songsI found my heart up in this place tonightDon't want to sing mad songs anymoreOnly want to sing your song'Cause your song's got me feeling like I'mI'm in love, I'm in love, I'm in loveI'm in love, I'm in love, I'm in loveI'm in love, I'm in love, I'm in loveYeah, you know, your song's got me feeling like I'mI don't want to hear sad songs anymoreI only want to hear love songsI found my heart up in this place tonightI don't want to sing mad songs anymoreI only want to sing your song'Cause your song's got me feeling like I'mI don't want to hear sad songs anymoreI only want to hear love songsI found my heart up in this place tonightDon't want to sing mad songs anymoreOnly want to sing your song'Cause your song's got me feeling like I'mI'm in love, I'm in love, I'm in love (I'm in love)I'm in love, I'm in love, I'm in loveI'm in love, I'm in love, I'm in love (I'm in love)Yeah, you know, your song's got me feeling like I'm"
22eADXu8DfOAUEDw4vU8q,Ahora Dice,Chris Jeday,0.708,0.693,6,-5.516,1,0.138,0.246,0,0.129,0.427,143.965,271080,4,"Y ahora dice que no me conoce, no no no no no ","Y sÌ© que nuestro amor es periÌ_dico de ayer que tÌ¼ no lo quieres leer, que ni por la calle tÌ¼ me quieres ver ","No quiere saber na' de mÌ_Ay, dime quÌ© fue lo que yo hice mal Te pusieron en contra de mÌ_ Al que fue, no se lo voy a perdonarAhora dice que no me conoce, no no no no no Y si me ha visto se supone que en el pasado fue Yo si me acuerdo cÌ_mo lo hacÌ_amos CÌ_mo en la cama nos matÌÁbamos (Let go, come on)Ahora dice que no me conoce, no no no no no Y si me ha visto se supone que en el pasado fue Yo sÌ_ me acuerdo cÌ_mo lo hacÌ_amos CÌ_mo en la cama nos matÌÁbamosSÌ© que te pasas negando, todo lo que tÌ¼ y yo hacÌ_amos Queda en tu mente grabado todas las veces que nos desvestÌ_amos Ahora me paso pensando, cÌ_mo tÌ¼ puedes vivir asÌ_ Diciendo que no sabes lo que entre sÌÁbanas tÌ¼ te entregaba a mÌ_Solo yo, he podido llegarle Tu cuerpo sabe elevarse Y cuando tus piernas temblaban No decÌ_a nada ya noDialogando con el dinero No quiero interrupciones Esa es la prioridad Pasaste lista de opciones Estoy con la colombiana, que sepa maÌ±ana y la cubana llega a Paris LlÌÁmate al ruso, que baje los kilos de oro que llegan a la calle de BrasilSolo yo he podido llegarle Tu cuerpo sabe, elevarse Y cuando tus piernas temblaban No decÌ_a nada, nada no noAhora dice que no me conoce, no no no no no Y si me ha visto se supone que en el pasado fue Yo sÌ_ me acuerdo cÌ_mo lo hacÌ_amos CÌ_mo en la cama nos matÌÁbamosY ahora dice que no me conoce, no no no no no Y si me ha visto se supone, que en el pasado fue Yo sÌ_ me acuerdo cÌ_mo lo, hacÌ_amos Cuando en la cama nos matÌÁbamos (J Balvin man)Por mÌÁs que me niegues a mÌ_, no puedes escaparte Si era tu luz de mi sombra y me seguÌ_as a todas partes Nos lograron separar, tÌ¼ no quisiste escuchar Fue mÌÁs importante quÌ© dijo la gente, que a dÌ_nde podÌ_amos llegarEn el mundo de mÌ_ estÌÁn hablando Diciendo mil cosas Que me ven por aquÌ_, que me ven por allÌÁ Por mi vida famosa TÌ¼ me conoces de aÌ±os atrÌÁs, sabes cÌ_mo es la cosa TÌ¼ sabes que yo soy real Te lo dije una vezY sÌ© que nuestro amor es periÌ_dico de ayer Que tÌ¼ no lo quieres leer, que ni por la calle tÌ¼ me quieres ver Si sales de party me escuchas a mÌ_, siempre te preguntan por mÌ_ baby Dime quÌ© se siente ser el fantasma que te atormenta a tiDime que pasÌ_ mami, todo iba normal Te hablaron de mÌ_, te dejastes llevar Tu cuerpo me estaba empezando a amar Y por culpa de la gente, ahora te toca olvidarYo sÌ© que eres infeliz, pero te pasas mintiendo Fingiendo que eres feliz, mami yo no te entiendo Ahora Ì©l te pone a llorar, tambiÌ©n te pone a sufrir Mientras yo te ponÌ_a a viajar, yo linda te hacÌ_a lucirSolo yo he podido llegarle Tu cuerpo sabe elevarse Y cuando tus piernas temblaban No me decÌ_a nada nada no noAhora dice que no me conoce, no no no no no Y si me ha visto se supone que en el pasado fue Yo sÌ_ me acuerdo cÌ_mo lo hacÌ_amos CÌ_mo en la cama nos matÌÁbamosY ahora dice que no me conoce, no no no no no Y si me ha visto se supone que en el pasado fue Yo sÌ_ me acuerdo cÌ_mo lo hacÌ_amos CÌ_mo en la cama nos matÌÁbamosJ Balvin man Ozuna Ozuna man Arca OzunaArca man Austin baby AsÌ_ es como esChris JedayAhora diceAhora dice"
7nZmah2llfvLDiUjm0kiy,Friends (with BloodPopÌ´å¬),Justin Bieber,0.744,0.739,8,-5.35,1,0.0387,0.00459,0,0.306,0.649,104.99,189467,4,Can we be friends?,"Wonderin' if you think about me, actually, don't answer that","I was wonderin' 'bout your mamaDid she get that job she wanted?Sell that car that gave her problems?I'm just curious 'bout her, honestKnow you're wonderin' why I've been callin'Like I've got ulterior motivesKnow we didn't end this so goodBut you know we had something so goodSo I'm wondering, can we still be friends? (oh-oh)Can we still be friends? (oh-oh)Doesn't have to endAnd if it ends, can we be friends?Can we be friends?Can we be friends?Wonderin' if you got a bodyTo hold you tight since I leftWonderin' if you think about meActually, don't answer thatKnow you're wonderin' why I've been callin'Like I've got ulterior motivesKnow we didn't end this so goodBut you know we had something so goodSo I'm wondering, can we still be friends? (oh-oh)Can we still be friends? (oh-oh)Doesn't have to endAnd if it ends, can we be friends?Can we be friends?And if it ends, can we be friends?Know you're wonderin' why I've been callin'Like I've got ulterior motivesKnow we didn't end this so goodBut you know we had something so goodI'm wondering, can we still be friends? (oh-oh)Can we still be friends? (oh-oh)Doesn't have to endAnd if it ends, can we be friends?"
2fQrGHiQOvpL9UgPvtYy6,Bank Account,21 Savage,0.884,0.346,8,-8.228,0,0.351,0.0151,7.04E-06,0.0871,0.376,75.016,220307,4,"I pull up in 'Rari's and shit, with choppers and Harley's and shit","I got one, two, three, four, five, six, seven, eight M's in my bank account, yeah","I buy a new car for the bitch (for real)I tear down the mall with the bitch (for real)You can't even talk to the bitch (no)She fucking with bosses and shit (oh God)I pull up in 'Rari's and shit, with choppers and Harley's and shit (for real)I be Gucci'd down, you wearing Lacoste and shit (bitch)Yeah, Moncler, yeah, fur came off of that, yeah (yeah)Triple homicide, put me in a chair, yeah (in jail)Triple cross the plug, we do not play fair, yeah (oh God)Got 'em tennis chains on and they real blingy (blingy)Draco make you do the chicken head like Chingy (Chingy)Walk in Neiman Marcus and I spend a light fifty (fifty)Please proceed with caution, shooters, they be right with me (21)Bad bitch, cute face and some nice tittiesSeventy-five hunnid on a Saint Laurent jacket (yeah)Bitch, be careful where you dumpin' your ashes (bitch)I ain't no sucker, I ain't cut for no action (nah)The skreets raised me, I'm a ho bastard (wild, wild, wild, wild)I bought a 'Rari just so I can go faster (skrrt)Niggas tryna copy me, they playin' catch up (21)I might pull up in a Ghost, no Casper (21)I been smoking gas and I got no asthmaI got one, two, three, four, five, six, seven, eight M's in my bank account, yeah (oh God)In my bank account, yeah (oh God)In my bank account, yeah (oh God)In my bank account, yeah (oh God)In my bank account, yeah (oh God)In my bank account, yeah (oh God)I got one, two, three, four, five, six, seven, eight shooters ready to gun you down, yeah (fast)Ready to gun you down, yeah (oh God)Ready to gun you down, yeah (oh God)Ready to gun you down, yeah (oh God)Ready to gun you down, yeah (oh God)Ready to gun you down, yeah (oh God)Yeah, dog (huh yeah) nah for real dog (21)Straight up out the 6, now got a house in the Hills, dog (21)Wanna see a body, nigga? Get you killed dog (wet)Wanna tweet about me, nigga? Get you killed dog (wet)Killed dog, I'm a real dog (21) you a lil' dog (21)Be a dog, wanna be a dog, chasing mil's dog (yeah)Dunk right in your bitch like O'Neal, dog (wet)Yes I shoot like Reggie Mill', dog (21)Chopper sting you like a eel, dog (fast)I got one, two, three, four, five, six, seven, eight M's in my bank account, yeah (oh God)In my bank account, yeah (oh God)In my bank account, yeah (oh God)In my bank account, yeah (oh God)In my bank account, yeah (oh God)In my bank account, yeah (oh God)I got one, two, three, four, five, six, seven, eight shooters ready to gun you down, yeah (fast)Ready to gun you down, yeah (oh God)Ready to gun you down, yeah (oh God)Ready to gun you down, yeah (oh God)Ready to gun you down, yeah (oh God)Ready to gun you down, yeah (oh God)Ruler clips, send a ruler hitPull up on your bitch, she say that I got a ruler dickSpray your block down, we not really with that ruh-rah shitGlock cocked now, I don't really give no fuck 'bout who I hitYeah, your bitch, she get jiggy with meKeep that Siggy with meBitch, I'm Mad Max, you know I got Ziggy with meKeep a mad mag in case they wanna get busy with me'Rari matte black and I got a Bentley with meI got one, two, three, four, five, six, seven, eight M's in my bank account, yeah (oh God)In my bank account, yeah (oh God)In my bank account, yeah (oh God)In my bank account, yeah (oh God)In my bank account, yeah (oh God)In my bank account, yeah (oh God)I got one, two, three, four, five, six, seven, eight shooters ready to gun you down, yeah (fast)Ready to gun you down, yeah (oh God)Ready to gun you down, yeah (oh God)Ready to gun you down, yeah (oh God)Ready to gun you down, yeah (oh God)Ready to gun you down, yeah (oh God)Seventy-five hunnid on a Saint Laurent jacket (yeah)Bitch, be careful where you dumpin' your ashes (bitch)I ain't no sucker, I ain't cut for no action (nah)The skreets raised me, I'm a ho bastard"
1PSBzsahR2AKwLJgx8ehB,Bad Things (with Camila Cabello),Machine Gun Kelly,0.675,0.69,2,-4.761,1,0.132,0.21,0,0.287,0.272,137.817,239293,4,Am I out of my mind?,"What can I say, it's complicated","Am I out of my head?Am I out of my mind?If you only knew the bad things I likeDon't think that I can explain itWhat can I say, it's complicatedDon't matter what you sayDon't matter what you doI only wanna do bad things to youSo good, that you can't explain itWhat can I say, it's complicatedNothing's that badIf it feels goodSo you come backLike I knew you wouldAnd we're both wildAnd the night's youngAnd you're my drugBreathe you in 'til my face numbDrop it down to that bass drumI got what you dream 'boutNails scratchin' my back tattEyes closed while you scream outAnd you keep me in with those hipsWhile my teeth sink in those lipsWhile your body's giving me lifeAnd you suffocate in my kissThen you saidI want you foreverEven when we're not togetherScars on my body so I can take you wherever likeI want you foreverEven when we're not togetherScars on my body I can look at you wheneverAm I out of my head?Am I out of my mind?If you only knew the bad things I likeDon't think that I can explain itWhat can I say, it's complicatedDon't matter what you sayDon't matter what you doI only wanna do bad things to youSo good, that you can't explain itWhat can I say, it's complicatedI can't explain itI love the painAnd I love the way your breathNumbs me of novacaineAnd we areAlways highKeep it strangeOkay, yeah, I'm insaneBut you the sameLet me paint the pictureCouch by the kitchenNothin' but your heels onLosin' our religionYou're my pretty little vixenAnd I'm the voice inside your headThat keeps telling you to listen to all the bad things I sayAnd you saidI want you foreverEven when we're not togetherScars on my body so I can take you wherever likeI want you foreverEven when we're not togetherScars on my body I can look at you wheneverAm I out of my head?Am I out of my mind?If you only knew the bad things I likeDon't think that I can explain itWhat can I say, it's complicatedDon't matter what you sayDon't matter what you doI only wanna do bad things to youSo good, that you can't explain itWhat can I say, it's complicatedThe way we love, is so uniqueAnd when we touch, I'm shiveringAnd no one has to get itJust you and me'Cause we're just livingBetween the sheetsI want you foreverEven when we're not togetherScars on my body so I can take you wherever likeI want you foreverEven when we're not togetherScars on my body I can look at you wheneverAm I out of my head?Am I out of my mind?If you only knew the bad things I likeDon't think that I can explain itWhat can I say, it's complicatedDon't matter what you sayDon't matter what you doI only wanna do bad things to youSo good, that you can't explain itWhat can I say, it's complicated"
0QsvXIfqM0zZoerQfsI9l,Don't Let Me Down,The Chainsmokers,0.542,0.859,11,-5.651,1,0.197,0.16,0.00466,0.137,0.403,159.797,208053,4,Right now I need a miracle,Now there's nobody by my side,"Crashing, hit a wallRight now I need a miracleHurry up now, I need a miracleStranded, reaching outI call your name but you're not aroundI say your name but you're not aroundI need you, I need you, I need you right nowYeah, I need you right nowSo don't let me, don't let me, don't let me downI think I'm losing my mind nowIt's in my head, darling I hopeThat you'll be here, when I need you the mostSo don't let me, don't let me, don't let me downDon't let me downDon't let me downDon't let me down, down, downDon't let me down, don't let me down, down, downRunning out of timeI really thought you were on my sideBut now there's nobody by my sideI need you, I need you, I need you right nowYeah, I need you right nowSo don't let me, don't let me, don't let me downI think I'm losing my mind nowIt's in my head, darling I hopeThat you'll be here, when I need you the mostSo don't let me, don't let me, don't let me downDon't let me downDon't let me downDon't let me down, down, downDon't let me down, down, downDon't let me down, down, downDon't let me down, don't let me down, down, downOh, I think I'm losing my mind now, yeah, yeah, yeahOh, I think I'm losing my mind now, yeah, yeahI need you, I need you, I need you right nowYeah, I need you right nowSo don't let me, don't let me, don't let me downI think I'm losing my mind nowIt's in my head, darling I hopeThat you'll be here, when I need you the mostSo don't let me, don't let me, don't let me downDon't let me downYeah, don't let me downYeah, don't let me downDon't let me down, oh noSaid don't let me downDon't let me downDon't let me down (down, down, down)Don't let me down, down, down"
7mldq42yDuxiUNn08nvzH,Body Like A Back Road,Sam Hunt,0.731,0.469,5,-7.226,1,0.0326,0.463,1.04E-06,0.103,0.631,98.963,165387,4,"Doin' 15 in a 30, I ain't in no hurry",I'mma take it slow just as fast as I can,"Got a girl from the south side, got braids in her hairFirst time I seen her walk by, man I 'bout fell off my chairHad to get her number, it took me like six weeksNow me and her go way back like Cadillac seatsBody like a back road, drivin' with my eyes closedI know every curve like the back of my handDoin' 15 in a 30, I ain't in no hurryI'mma take it slow just as fast as I canThe way she fit in them blue jeans, she don't need no beltBut I can turn them inside out, I don't need no helpGot hips like honey, so thick and so sweetIt ain't no curves like hers on them downtown streetsBody like a back road, drivin' with my eyes closedI know every curve like the back of my handDoin' 15 in a 30, I ain't in no hurryI'mma take it slow just as fast as I canWe're out here in the boondocksWith the breeze and the birdsTangled up in the tall grassWith my lips on hersOn the highway to heavenHeaded south of her smileGet there when we get thereEvery inch is a mileBody like a back road, drivin' with my eyes closedI know every curve like the back of my handDoin' 15 in a 30, I ain't in no hurryI'mma take it slow just as fast as I canI'mma take it slowJust as fast as I can(Body like a back road)(Drivin' with my eyes closed) Got braids in her hair(I know every curve like the back of my hand)"
7i2DJ88J7jQ8K7zqFX2fW,Now Or Never,Halsey,0.658,0.588,6,-4.902,0,0.0367,0.105,1.28E-06,0.125,0.434,110.075,214802,4,I don't wanna fight right now,You know we're runnin' out of time," don't wanna fight right nowKnow you always right, nowKnow I need you 'round with meBut nobody waitin' 'round with meBeen through the upsYeah the ups and the downs with meGot a whole lot of loveBut you don't wanna spread it 'round with me, yeahNever pick up, never call meYou know we're runnin' out of timeNever pick up when you want meNow I gotta draw a lineBaby I done, done enough talkingNeed to know that you're mineBaby we done, done enough talkingGotta be right now, right nowBaby gon' love me now, now, now, now, now, nowNow or never, hey, hey, heyI want you to hold me down, down, down, down, down, downDown forever, hey, hey, heySaid you know I wanna keep you around'Round forever, hey, hey, heyI want you to love me now, now, now, now, now, nowNow or neverI'm turnin' off the light right nowI'm callin' it a night nowWishin' you were 'round with meBut you're in a different town than meWe've been through it allBut you could never spit it out for meTryna talk to a wallBut you could never tear it down for me, yeahNever pick up, never call meYou know we're runnin' out of timeNever pick up when you want meNow I gotta draw a lineBaby I done, done enough talkingNeed to know that you're mineBaby we done, done enough talkingGotta be right now, right nowBaby gon' love me now, now, now, now, now, nowNow or never, hey, hey, heyI want you to hold me down, down, down, down, down, downDown forever, hey, hey, heySaid you know I wanna keep you around'Round forever, hey, hey, heyI want you to love me now, now, now, now, now, nowNow or neverYeah, draw the line upDon't take no more time up, yeahMake your mind upI need you to make your mind up, yeahDraw the line upDon't take no more time up, yeahBaby you gotta decide somethingLet me knowBaby gon' love me now, now, now, now, now, nowNow or never, hey, hey, heyI want you to hold me down, down, down, down, down, downDown forever, hey, hey, heySaid you know I wanna keep you around'Round forever, hey, hey, heyI want you to love me now, now, now, now, now, nowNow or never"
1j4kHkkpqZRBwE0A4CN4Y,Dusk Till Dawn - Radio Edit,ZAYN,0.258,0.437,11,-6.593,0,0.039,0.101,1.27E-06,0.106,0.0967,180.043,239000,4,Not tryna be cool,I'll be with you from dusk till dawn,"Not tryna be indieNot tryna be coolJust tryna be in thisTell me how you chooseCan you feel why you're in thisCan you feel it throughAll of the windowsInside this room'Cause I wanna touch you, babyAnd I wanna feel you, tooI wanna see the sunrise and your sinsJust me and youLight it up, on the runLet's make love, tonightMake it up, fall in love, tryBut you'll never be aloneI'll be with you from dusk till dawnI'll be with you from dusk till dawnBaby, I'm right hereI'll hold you when things go wrongI'll be with you from dusk till dawnI'll be with you from dusk till dawnBaby, I'm right hereI'll be with you from dusk till dawnBaby, I'm right hereWe were shut like a jacketSo do your zipWe will roll down the rapidsTo find a wave that fitsCan you feel where the wind isCan you feel it throughAll of the windowsInside this room'Cause I wanna touch you, babyI wanna feel you, tooI wanna see the sunrise and your sinsJust me and youLight it up, on the runLet's make love tonightMake it up, fall in love, tryBut you'll never be aloneI'll be with you from dusk till dawnI'll be with you from dusk till dawnBaby, I'm right hereI'll hold you when things go wrongI'll be with you from dusk till dawnI'll be with you from dusk till dawnBaby, I'm right hereGo, give love to your bodyIt's only you that can stop itGo, give love to your bodyIt's only you that can stop itGo, give love to your bodyIt's only you that can stop itGo, give love to your bodyGo, give love to your bodyBut you'll never be aloneI'll be with you from dusk till dawnI'll be with you from dusk till dawnBaby, I'm right hereI'll hold you when things go wrongI'll be with you from dusk till dawnI'll be with you from dusk till dawnBaby, I'm right hereI'll be with you from dusk till dawnBaby, I'm right here"